date,AFEQ,AFULA NIR HAEMEQ,AMMIAD,ARAD,ARIEL,ASHALIM,ASHDOD PORT,ASHQELON PORT,AVDAT,AVNE ETAN,AYYELET HASHAHAR,BEER SHEVA,BEER SHEVA BGU,BEER SHEVA UNI,BEIT JIMAL,BESOR FARM,BET DAGAN,BET DAGAN RAD,BET HAARAVA,BET ZAYDA,DAFNA,DEIR HANNA,DOROT,EDEN FARM,ELAT,ELON,EN GEDI,EN HAHORESH,EN HASHOFET,EN KARMEL,ESHHAR,EZUZ,GALED,GAMLA,GAT,GILGAL,HADERA PORT,HAFEZ HAYYIM,HAIFA PORT,HAIFA REFINERIES,HAIFA TECHNION,HAIFA UNIVERSITY,HAKFAR HAYAROK,HAR HARASHA,HARASHIM,HAZEVA,ITAMAR,JERUSALEM CENTRE,JERUSALEM GIVAT RAM,KEFAR BLUM,KEFAR GILADI,KEFAR NAHUM,LAHAV,LEV KINERET,MAALE ADUMMIM,MAALE GILBOA,MASSADA,MEROM GOLAN PICMAN,METZOKE DRAGOT,MIZPE RAMON,NAHSHON,NAZARETH,NEGBA,NEOT SMADAR,NETIV HALAMED HE,NEVATIM,NEWE YAAR,NEWE ZOHAR UNI,NIZZAN,PARAN,QARNE SHOMERON,QEVUZAT YAVNE,ROSH HANIQRA,ROSH ZURIM,SEDE BOQER,SEDE ELIYYAHU,SEDOM,SHANI,SHAVE ZIYYON,TAVOR KADOORIE,TEL AVIV COAST,TEL YOSEF,YAVNEEL,YOTVATA,ZEFAT HAR KENAAN,ZEMAH,ZIKHRON YAAQOV,ZOMET HANEGEV,ZOVA
2024-02-01,,,,,4.3,,,,0.0,7.0,,0.0,,,,0.0,12.7,,,,1.5000000000000002,,,,,18.1,,,24.9,,,0.0,20.7,,,2.7,,,,12.9,21.200000000000003,25.3,,3.8,,,,0.1,,,,8.6,0.0,,,,,1.3,0.0,,7.7,,2.7000000000000006,0.0,,0.0,,,11.8,0.0,,15.0,,,0.0,4.4,0.0,,,,12.9,10.5,10.8,0.0,9.1,10.0,,,
2024-02-02,,,,,30.8,,,,0.0,4.6,,0.0,,,,0.0,13.0,,,,6.9,,,,,14.7,,,27.7,,,0.3,23.7,,,9.0,,,,0.6000000000000001,1.1,1.4,,26.700000000000003,,,,16.8,,,,4.300000000000001,9.5,,,,,7.700000000000001,1.3,,14.2,,13.6,0.0,,1.4,,,10.9,0.0,,18.0,,,0.0,22.4,0.0,,,,37.4,15.1,4.0,0.0,4.3,4.4,,,
2024-02-03,,,,,1.5,,,,0.0,10.6,,0.0,,,,0.0,15.2,,,,9.1,,,,,16.0,,,27.0,,,0.0,20.3,,,1.4,,,,25.1,27.9,25.9,,3.0,,,,3.8,,,,11.7,0.1,,,,,8.0,0.0,,4.1,,3.2,0.0,,0.0,,,5.400000000000001,0.0,,4.1,,,0.0,1.6,0.0,,,,25.3,8.2,8.3,0.0,8.899999999999999,1.6,,,
2024-02-04,,,,,12.6,,,,0.0,10.9,,0.0,,,,0.0,23.600000000000005,,,,24.8,,,,,17.0,,,16.6,,,0.0,14.7,,,0.7,,,,34.800000000000004,52.7,45.2,,3.1,,,,0.4,,,,22.6,0.0,,,,,22.200000000000003,0.0,,6.5,,3.4,0.0,,0.0,,,14.0,0.0,,10.6,,,0.0,4.0,0.0,,,,25.1,8.200000000000001,13.3,0.0,14.4,11.1,,,
2024-02-05,,,,,21.9,,,,0.0,6.5,,0.0,,,,,18.8,,,,15.7,,,,,19.8,,,15.0,,,0.0,27.6,,,2.1,,,,3.8,5.4,4.7,,12.1,,,,7.6,,,,16.8,0.2,,,,,18.200000000000003,0.0,,8.600000000000001,,10.4,0.0,,0.0,,,11.4,0.0,,4.4,,,0.0,5.7,0.0,,,,22.3,18.800000000000004,8.099999999999998,0.0,20.9,6.4,,,
2024-02-06,,,,,0.3,,,,0.0,0.0,,0.0,,,,,0.2,,,,0.2,,,,,0.1,,,0.0,,,0.0,0.0,,,0.5,,,,0.0,0.0,0.0,,0.9000000000000001,,,,2.5,,,,0.1,1.4,,,,,0.0,0.0,,0.7,,1.6,0.0,,0.8,,,2.5,0.0,,0.2,,,0.0,0.1,0.0,,,,0.0,0.0,0.0,0.0,0.0,0.1,,,
2024-02-07,,,,,0.1,,,,0.0,0.0,,0.0,,,,,0.0,,,,0.0,,,,,0.0,,,0.0,,,0.0,0.0,,,0.0,,,,0.0,0.0,0.0,,0.0,,,,0.1,,,,0.0,0.1,,,,,0.0,0.0,,0.1,,0.1,0.0,,0.0,,,0.0,0.0,,0.0,,,0.0,0.0,0.0,,,,0.0,0.1,0.0,0.0,0.0,0.0,,,
2024-02-08,,,,,0.0,,,,0.0,0.0,,0.0,,,,,0.0,,,,0.0,,,,,0.0,,,0.0,,,0.0,0.0,,,0.0,,,,0.0,0.0,0.0,,0.0,,,,0.0,,,,0.0,0.0,,,,,0.0,0.0,,0.0,,0.0,0.0,,0.0,,,0.0,0.0,,0.0,,,0.0,0.0,0.0,,,,0.0,0.0,0.0,0.0,0.0,0.0,,,
2024-02-09,,,,,0.0,,,,0.0,0.0,,0.0,,,,,0.0,,,,0.0,,,,,0.0,,,0.0,,,0.0,0.0,,,0.0,,,,0.0,0.0,0.0,,0.0,,,,0.0,,,,0.0,0.0,,,,,0.0,0.0,,0.0,,0.0,0.0,,0.0,,,0.0,0.0,,0.0,,,0.0,0.0,0.0,,,,0.0,0.0,0.0,0.0,0.0,0.0,,,
2024-02-10,,,,,0.0,,,,0.0,0.0,,0.0,,,,,0.0,,,,0.0,,,,,0.0,,,0.0,,,0.0,0.0,,,0.0,,,,0.5,1.2,2.7,,0.8,,,,0.0,,,,0.0,0.0,,,,,0.1,0.0,,0.0,,0.0,0.0,,0.0,,,0.0,0.0,,0.0,,,0.0,0.3,0.0,,,,0.0,0.0,0.0,0.0,0.0,0.0,,,
2024-02-11,,,,,0.0,,,,0.0,0.0,,0.0,,,,,0.0,,,,0.0,,,,,0.0,,,0.0,,,0.0,0.0,,,0.0,,,,0.0,0.0,0.0,,0.0,,,,0.0,,,,0.0,0.0,,,,,0.0,0.0,,0.0,,0.0,0.0,,0.0,,,0.0,0.0,,0.0,,,0.0,0.0,0.0,,,,0.0,0.0,0.0,0.0,0.0,0.0,,,
2024-02-12,,,,,0.0,,,,0.0,0.0,,0.0,,,,,0.0,,,,0.0,,,,,0.0,,,0.0,,,0.0,0.0,,,0.0,,,,0.0,0.0,0.0,,0.0,,,,0.0,,,,0.0,0.0,,,,,0.0,0.0,,0.0,,0.0,0.0,,0.0,,,0.0,0.0,,0.0,,,0.0,0.0,0.0,,,,0.0,0.0,0.0,0.0,0.0,0.0,,,
2024-02-13,,,,,0.0,,,,0.0,0.0,,0.0,,,,,0.0,,,,0.0,,,,,0.0,,,0.0,,,0.0,0.0,,,0.0,,,,0.0,0.0,0.0,,0.0,,,,0.0,,,,0.0,0.0,,,,,0.0,0.0,,0.0,,0.0,0.0,,0.0,,,0.0,0.0,,0.0,,,0.0,0.0,0.0,,,,0.0,0.0,0.0,0.0,0.0,0.0,,,
2024-02-14,,,,,7.699999999999999,,,,0.2,14.6,,0.0,,,,,5.800000000000001,,,,2.3,,,,,10.0,,,22.9,,,0.0,19.9,,,0.7,,,,7.5,12.2,13.1,,14.3,,,,2.4000000000000004,,,,10.6,0.1,,,,,7.9,0.0,,3.2,,2.5,0.3,,0.3,,,3.3,0.1,,1.8,,,0.2,8.0,0.1,,,,6.9,10.8,20.700000000000003,0.6,8.200000000000001,18.3,,,
2024-02-15,,,,,3.0,,,,0.1,3.2,,0.0,,,,,7.100000000000001,,,,8.100000000000001,,,,,5.199999999999999,,,1.3,,,0.1,1.5,,,18.7,,,,13.6,14.1,15.5,,1.6,,,,1.7,,,,12.0,0.0,,,,,15.400000000000002,0.9000000000000001,,1.6,,1.1,2.2,,0.0,,,1.6,0.0,,1.6,,,3.7,5.6000000000000005,0.5,,,,1.5,4.8,14.7,3.1000000000000005,10.1,6.8,,,
2024-02-16,,,,,1.5,,,,0.3,25.1,,0.0,,,,,0.7999999999999999,,,,21.300000000000004,,,,,28.7,,,73.2,,,0.1,72.6,,,1.1,,,,38.9,51.10000000000001,46.60000000000001,,2.2,,,,0.6,,,,36.400000000000006,0.2,,,,,30.800000000000004,0.3,,0.0,,0.1,0.1,,0.0,,,0.1,0.0,,0.4,,,1.5000000000000002,12.8,0.4,,,,4.4,25.6,36.6,0.5,32.0,22.2,,,
2024-02-17,,,,,4.7,,,,0.0,16.099999999999998,,0.0,,,,,8.2,,,,10.2,,,,,83.1,,,17.8,,,0.5,17.400000000000002,,,0.2,,,,6.6000000000000005,19.8,27.2,,15.500000000000002,,,,1.7000000000000002,,,,19.700000000000003,0.0,,,,,8.3,0.1,,1.3,,1.8,0.0,,0.3,,,0.8,0.0,,4.800000000000001,,,0.5,18.9,0.0,,,,5.0,15.4,12.800000000000002,0.0,28.3,6.2,,,
2024-02-18,,,,,5.4,,,,0.0,8.8,,0.0,,,,,9.6,,,,7.2,,,,,7.2,,,12.9,,,0.0,11.4,,,5.200000000000001,,,,11.4,7.699999999999999,4.300000000000001,,10.3,,,,5.200000000000001,,,,9.1,4.199999999999999,,,,,5.3,4.4,,5.9,,2.4,0.0,,7.6,,,11.4,0.0,,3.4000000000000004,,,0.0,1.3000000000000005,0.0,,,,34.4,2.6,10.900000000000002,0.0,6.7,12.0,,,
2024-02-19,,,,,12.2,,,,0.0,5.1,,0.0,,,,,9.4,,,,11.6,,,,,7.5,,,17.8,,,0.0,15.9,,,3.4000000000000004,,,,15.9,12.2,7.499999999999999,,13.5,,,,15.4,,,,10.1,2.2,,,,,12.0,0.0,,11.7,,27.4,0.0,,0.0,,,26.9,0.0,,7.7,,,0.0,6.9,0.2,,,,8.799999999999999,17.5,5.5,0.0,19.6,4.5,,,
2024-02-20,,,,,1.6,,,,0.0,0.0,,0.0,,,,,0.3,,,,0.2,,,,,0.0,,,0.3,,,0.0,0.2,,,0.0,,,,9.9,9.9,6.1,,0.1,,,,0.0,,,,0.0,0.0,,,,,0.6,0.0,,0.0,,0.0,0.0,,0.0,,,0.3,0.0,,0.0,,,0.0,0.2,0.0,,,,0.1,1.1,0.0,0.0,0.6000000000000001,0.0,,,
2024-02-21,,,,,0.0,,,,0.0,0.0,,0.0,,,,,0.1,,,,0.1,,,,,0.0,,,0.1,,,0.0,0.0,,,0.0,,,,0.1,0.0,0.0,,0.0,,,,0.0,,,,0.0,0.0,,,,,0.0,0.0,,0.0,,0.0,0.0,,0.0,,,0.0,0.0,,0.0,,,0.0,0.0,0.0,,,,0.0,0.0,0.0,0.0,0.0,0.0,,,
2024-02-22,,,,,0.0,,,,0.0,0.0,,0.0,,,,,0.0,,,,0.0,,,,,0.0,,,0.0,,,0.0,0.0,,,0.0,,,,0.0,0.0,0.0,,0.0,,,,0.0,,,,0.0,0.0,,,,,0.0,0.0,,0.0,,0.0,0.0,,0.0,,,0.0,0.0,,0.0,,,0.0,0.0,0.0,,,,0.0,0.0,0.0,0.0,0.0,0.0,,,
2024-02-23,,,,,0.0,,,,0.0,0.0,,0.0,,,,,0.0,,,,0.0,,,,,0.0,,,0.0,,,0.0,0.0,,,0.0,,,,0.0,0.0,0.0,,0.0,,,,0.0,,,,0.0,0.0,,,,,0.0,0.0,,0.0,,0.0,0.0,,0.0,,,0.0,0.0,,0.0,,,0.0,0.0,0.0,,,,0.0,0.0,0.0,0.0,0.0,0.0,,,
2024-02-24,,,,,0.4,,,,0.9000000000000001,3.1,,0.0,,,,,0.0,,,,0.1,,,,,0.0,,,1.2000000000000002,,,0.5,0.8,,,0.0,,,,0.1,0.1,0.2,,0.0,,,,0.6000000000000001,,,,1.7000000000000002,1.3,,,,,1.2000000000000002,0.9,,0.0,,0.0,1.0,,0.8,,,0.2,1.0,,0.0,,,0.2,0.9,1.1,,,,0.0,1.8,3.0,1.2000000000000002,0.7,2.7,,,
2024-02-25,,,,,0.0,,,,0.0,0.0,,0.0,,,,,0.0,,,,0.0,,,,,0.0,,,0.0,,,0.0,0.0,,,0.0,,,,0.0,0.0,0.0,,0.0,,,,0.0,,,,0.0,0.0,,,,,0.0,0.0,,0.0,,0.0,0.0,,0.0,,,0.0,0.0,,0.0,,,0.0,0.0,0.0,,,,0.0,0.0,0.0,0.0,0.0,0.0,,,
2024-02-26,,,,,0.0,,,,0.0,0.0,,0.0,,,,,0.0,,,,0.0,,,,,0.0,,,0.0,,,0.0,0.0,,,0.0,,,,0.0,0.0,0.0,,0.0,,,,0.0,,,,0.0,0.0,,,,,0.0,0.0,,0.0,,0.0,0.0,,0.0,,,0.0,0.0,,0.0,,,0.0,0.0,0.0,,,,0.0,0.0,0.0,0.0,0.0,0.0,,,
2024-02-27,,,,,2.2,,,,0.0,0.0,,0.0,,,,,0.0,,,,0.0,,,,,0.0,,,0.0,,,0.0,0.0,,,0.2,,,,0.0,0.0,0.0,,0.0,,,,4.300000000000001,,,,0.0,8.9,,,,,0.0,0.3,,5.3,,6.0,0.0,,0.1,,,0.2,0.0,,0.9,,,2.2,0.0,0.0,,,,0.0,0.0,0.0,0.0,0.0,0.0,,,
2024-02-28,,,,,0.0,,,,0.0,0.0,,0.0,,,,,0.0,,,,0.0,,,,,0.0,,,0.0,,,0.0,0.0,,,0.0,,,,0.0,0.0,0.0,,0.0,,,,0.0,,,,0.0,0.0,,,,,0.0,0.0,,0.0,,0.0,0.0,,0.0,,,0.0,0.0,,0.0,,,0.0,0.0,0.0,,,,0.0,0.0,0.0,0.0,0.0,0.0,,,
2024-02-29,,,,,0.0,,,,0.0,0.0,,0.0,,,,,0.0,,,,0.0,,,,,0.0,,,0.0,,,0.0,0.0,,,0.0,,,,0.0,0.0,0.0,,0.0,,,,0.0,,,,0.0,0.0,,,,,0.0,0.0,,0.0,,0.0,0.0,,0.0,,,0.0,0.0,,0.0,,,0.0,0.0,0.0,,,,0.0,0.0,0.0,0.0,0.0,0.0,,,
2024-05-01,0.0,,,0.0,,,,,0.0,,,,0.0,0.0,0.0,,,,,,0.0,0.0,,0.0,,,,0.0,,,0.1,0.0,,,0.0,,,,,0.0,0.0,,0.0,,,,0.0,0.0,0.0,0.0,,,,0.0,,,0.0,,,,,0.0,0.0,0.0,,,,,0.0,0.0,,0.0,0.0,,,,,,0.0,0.0,,0.0,0.0,,,,0.0,,
2024-05-02,0.0,,,0.0,,,,,0.0,,,,0.0,0.0,0.0,,,,,,0.0,0.0,,0.0,,,,0.0,,,0.0,0.0,,,0.0,,,,,0.0,0.0,,0.0,,,,0.0,0.0,0.0,0.0,,,,0.0,,,0.0,,,,,0.0,0.0,0.0,,,,,0.0,0.0,,0.0,0.0,,,,,,0.0,0.0,,0.0,0.0,,,,0.0,,
2024-05-03,0.0,,,0.0,,,,,0.0,,,,0.0,0.0,0.0,,,,,,0.0,0.0,,0.0,,,,0.0,,,0.0,0.0,,,0.0,,,,,0.0,0.0,,0.0,,,,0.0,0.0,0.0,0.0,,,,0.0,,,0.0,,,,,0.0,0.0,0.0,,,,,0.0,0.0,,0.0,0.0,,,,,,0.0,0.0,,0.0,0.0,,,,0.0,,
2024-05-04,0.0,,,0.0,,,,,0.0,,,,0.0,0.0,0.0,,,,,,0.0,0.0,,0.0,,,,0.0,,,0.0,0.0,,,0.0,,,,,0.0,0.0,,0.0,,,,0.0,0.0,0.0,0.0,,,,0.0,,,0.0,,,,,0.0,0.0,0.0,,,,,0.0,0.0,,0.0,0.0,,,,,,0.0,0.0,,0.0,0.0,,,,0.0,,
2024-05-05,4.2,,,0.0,,,,,0.0,,,,0.0,0.0,0.0,,,,,,0.0,0.0,,0.0,,,,0.0,,,2.5,0.0,,,0.0,,,,,4.6000000000000005,0.6000000000000001,,0.0,,,,0.0,0.0,0.0,0.0,,,,0.0,,,3.5,,,,,0.4,0.0,0.0,,,,,0.0,0.0,,0.0,0.0,,,,,,0.4,0.0,,0.0,0.1,,,,0.0,,
2024-05-06,1.9,,,0.9000000000000001,,,,,0.0,,,,2.0,0.0,6.3,,,,,,0.0,5.4,,0.8,,,,0.2,,,6.1000000000000005,0.0,,,0.0,,,,,3.2,4.9,,0.3,,,,13.3,8.8,9.5,0.0,,,,0.0,,,13.4,,,,,7.7,0.5,0.0,,,,,1.0,0.0,,0.2,23.0,,,,,,10.6,18.7,,0.3,10.0,,,,0.0,,
2024-05-07,0.0,,,0.1,,,,,0.0,,,,0.0,0.0,0.0,,,,,,0.0,0.0,,0.0,,,,0.0,,,0.0,0.0,,,0.0,,,,,0.0,0.0,,0.0,,,,0.1,0.0,0.0,0.0,,,,0.0,,,0.1,,,,,0.0,0.0,0.0,,,,,0.0,0.0,,0.0,0.0,,,,,,0.0,0.1,,0.0,0.1,,,,0.0,,
2024-05-08,0.0,,,0.0,,,,,0.0,,,,0.0,0.0,0.0,,,,,,0.0,0.0,,0.0,,,,0.0,,,0.0,0.0,,,0.0,,,,,0.0,0.0,,0.0,,,,0.0,0.0,0.0,0.0,,,,0.0,,,0.0,,,,,0.0,0.0,0.0,,,,,0.0,0.0,,0.0,0.0,,,,,,0.0,0.0,,0.0,0.0,,,,0.0,,
2024-05-09,0.0,,,0.0,,,,,0.0,,,,0.0,0.0,0.0,,,,,,0.0,0.0,,0.0,,,,0.0,,,0.0,0.0,,,0.0,,,,,0.0,0.0,,0.0,,,,0.0,0.0,0.0,0.0,,,,0.0,,,0.0,,,,,0.0,0.0,0.0,,,,,0.0,0.0,,0.0,0.0,,,,,,0.0,0.0,,0.0,0.0,,,,0.0,,
2024-05-10,0.0,,,0.0,,,,,0.0,,,,0.0,0.0,0.0,,,,,,0.0,0.0,,0.0,,,,0.0,,,0.0,0.0,,,0.0,,,,,0.0,0.0,,0.0,,,,0.0,0.0,0.0,0.0,,,,0.0,,,0.0,,,,,0.0,0.0,0.0,,,,,0.0,0.0,,0.0,0.0,,,,,,0.0,0.0,,0.0,0.0,,,,0.0,,
2024-05-11,0.0,,,0.0,,,,,0.0,,,,0.0,0.0,0.0,,,,,,0.0,0.0,,0.0,,,,0.0,,,0.0,0.0,,,0.0,,,,,0.0,0.0,,0.0,,,,0.0,0.0,0.0,0.0,,,,0.0,,,0.0,,,,,0.0,0.0,0.0,,,,,0.0,0.0,,0.0,0.0,,,,,,0.0,0.0,,0.0,0.0,,,,0.0,,
2024-05-12,0.0,,,0.0,,,,,0.0,,,,0.0,0.0,0.0,,,,,,0.0,0.4,,0.0,,,,0.0,,,2.0,0.0,,,0.0,,,,,0.0,0.0,,0.0,,,,0.0,0.0,0.0,0.0,,,,0.0,,,0.0,,,,,0.0,0.0,0.0,,,,,0.0,0.0,,0.0,0.0,,,,,,0.0,0.0,,0.0,0.0,,,,0.0,,
2024-05-13,1.8,,,0.0,,,,,0.0,,,,0.0,0.0,0.0,,,,,,0.0,13.8,,0.0,,,,0.0,,,11.5,0.0,,,0.0,,,,,0.1,0.5,,0.9000000000000001,,,,0.2,0.0,0.1,0.0,,,,0.0,,,0.5,,,,,0.0,0.0,0.0,,,,,0.0,0.0,,0.0,0.0,,,,,,2.8000000000000003,1.3,,0.4,0.2,,,,0.0,,
2024-05-14,0.0,,,0.0,,,,,0.0,,,,0.0,0.0,0.0,,,,,,0.0,2.5000000000000004,,0.0,,,,0.0,,,5.0,0.0,,,0.0,,,,,0.0,0.0,,0.0,,,,0.0,0.0,0.0,0.0,,,,0.0,,,0.0,,,,,0.0,0.0,0.0,,,,,0.0,0.0,,0.0,0.0,,,,,,0.0,0.0,,0.0,0.0,,,,0.0,,
2024-05-15,0.0,,,0.0,,,,,0.0,,,,0.0,0.0,0.0,,,,,,0.0,0.0,,0.0,,,,0.0,,,0.0,0.0,,,0.0,,,,,0.0,0.0,,0.0,,,,0.0,0.0,0.0,0.0,,,,0.0,,,0.0,,,,,0.0,0.0,0.0,,,,,0.0,0.0,,0.0,0.0,,,,,,0.0,0.0,,0.0,0.0,,,,0.0,,
2024-05-16,0.0,,,0.0,,,,,0.0,,,,0.0,0.0,0.0,,,,,,0.0,0.0,,0.0,,,,0.0,,,0.0,0.0,,,0.0,,,,,0.0,0.0,,0.0,,,,0.0,0.0,0.0,0.0,,,,0.0,,,0.0,,,,,0.0,0.0,0.0,,,,,0.0,0.0,,0.0,0.0,,,,,,0.0,0.0,,0.0,0.0,,,,0.0,,
2024-05-17,0.0,,,0.0,,,,,0.0,,,,0.0,0.0,0.0,,,,,,0.0,0.0,,0.0,,,,0.0,,,0.0,0.0,,,0.0,,,,,0.0,0.0,,0.0,,,,0.0,0.0,0.0,0.0,,,,0.0,,,0.0,,,,,0.0,0.0,0.0,,,,,0.0,0.0,,0.0,0.0,,,,,,0.0,0.0,,0.0,0.0,,,,0.0,,
2024-05-18,0.0,,,0.0,,,,,0.0,,,,0.0,0.0,0.0,,,,,,0.0,0.0,,0.0,,,,0.0,,,0.0,0.0,,,0.0,,,,,0.0,0.0,,0.0,,,,0.0,0.0,0.0,0.0,,,,0.0,,,0.0,,,,,0.0,0.0,0.0,,,,,0.0,0.0,,0.0,,,,,,,0.0,0.0,,0.0,0.0,,,,0.0,,
2024-05-19,0.0,,,0.0,,,,,0.0,,,,0.0,0.0,0.0,,,,,,0.0,0.0,,0.0,,,,0.0,,,0.0,0.0,,,0.0,,,,,0.0,0.0,,0.0,,,,0.0,0.0,0.0,0.0,,,,0.0,,,0.0,,,,,0.0,0.0,0.0,,,,,0.0,0.0,,0.0,,,,,,,0.0,0.0,,0.0,0.0,,,,0.0,,
2024-05-20,0.0,,,0.0,,,,,0.0,,,,0.0,0.0,0.0,,,,,,0.0,0.0,,0.0,,,,0.0,,,0.0,0.0,,,0.0,,,,,0.0,0.0,,0.0,,,,0.0,0.0,0.0,0.0,,,,0.0,,,0.0,,,,,0.0,0.0,0.0,,,,,0.0,0.0,,0.0,,,,,,,0.0,0.0,,0.0,0.0,,,,0.0,,
2024-05-21,0.0,,,0.0,,,,,0.0,,,,0.0,0.0,0.0,,,,,,0.0,0.0,,0.0,,,,0.0,,,0.0,0.0,,,0.0,,,,,0.0,0.0,,0.0,,,,0.0,0.0,0.0,0.0,,,,0.0,,,0.0,,,,,0.0,0.0,0.0,,,,,0.0,0.0,,0.0,,,,,,,0.0,0.0,,0.0,0.0,,,,0.0,,
2024-05-22,0.0,,,0.0,,,,,0.0,,,,0.0,0.0,0.0,,,,,,0.0,0.0,,0.0,,,,0.0,,,0.0,0.0,,,0.0,,,,,0.0,0.0,,0.0,,,,0.0,0.0,0.0,0.0,,,,0.0,,,0.0,,,,,0.0,0.0,0.0,,,,,0.0,0.0,,0.0,,,,,,,0.0,0.0,,0.0,0.0,,,,0.0,,
2024-05-23,0.0,,,0.0,,,,,0.0,,,,0.0,0.0,0.0,,,,,,0.0,0.0,,0.0,,,,0.0,,,0.0,0.0,,,0.0,,,,,0.0,0.0,,0.0,,,,0.0,0.0,0.0,0.0,,,,0.0,,,0.0,,,,,0.0,0.0,0.0,,,,,0.0,0.0,,0.0,,,,,,,0.0,0.0,,0.0,0.0,,,,0.0,,
2024-05-24,0.0,,,0.0,,,,,0.0,,,,0.0,0.0,0.0,,,,,,0.0,0.0,,0.0,,,,0.0,,,0.0,0.0,,,0.0,,,,,0.0,0.0,,0.0,,,,0.0,0.0,0.0,0.0,,,,0.0,,,0.0,,,,,0.0,0.0,0.0,,,,,0.0,0.0,,0.0,,,,,,,0.0,0.0,,0.0,0.0,,,,0.0,,
2024-05-25,3.0,,,0.0,,,,,0.0,,,,0.0,0.0,0.1,,,,,,0.0,2.8,,0.0,,,,0.0,,,1.4,0.0,,,0.0,,,,,2.9000000000000004,0.5,,0.0,,,,0.0,0.0,0.0,0.0,,,,0.0,,,0.1,,,,,0.0,0.0,0.0,,,,,0.0,0.0,,0.0,,,,,,,0.0,0.1,,0.0,0.1,,,,0.0,,
2024-05-26,0.0,,,0.1,,,,,0.0,,,,0.0,0.0,0.0,,,,,,0.0,0.0,,0.0,,,,0.0,,,0.0,0.0,,,0.0,,,,,0.0,0.0,,0.0,,,,0.0,0.0,0.0,0.0,,,,0.0,,,0.0,,,,,0.0,0.0,0.0,,,,,0.0,0.0,,0.0,,,,,,,0.0,0.0,,0.0,0.0,,,,0.0,,
2024-05-27,0.0,,,0.0,,,,,0.0,,,,0.0,0.0,0.0,,,,,,0.0,0.0,,0.0,,,,0.0,,,0.0,0.0,,,0.0,,,,,0.0,0.0,,0.0,,,,0.0,0.0,0.0,0.0,,,,0.0,,,0.0,,,,,0.0,0.0,0.0,,,,,0.0,0.0,,0.0,,,,,,,0.0,0.0,,0.0,0.0,,,,0.0,,
2024-05-28,0.0,,,0.0,,,,,0.0,,,,0.0,0.0,0.0,,,,,,0.0,0.0,,0.0,,,,0.0,,,0.0,0.0,,,0.0,,,,,0.0,0.0,,0.0,,,,0.0,0.0,0.0,0.0,,,,0.0,,,0.0,,,,,0.0,0.0,0.0,,,,,0.0,0.0,,0.0,,,,,,,0.0,0.0,,0.0,0.0,,,,0.0,,
2024-05-29,0.0,,,0.0,,,,,0.0,,,,0.0,0.0,0.0,,,,,,0.0,0.0,,0.0,,,,0.0,,,0.0,0.0,,,0.0,,,,,0.0,0.0,,0.0,,,,0.0,0.0,0.0,0.0,,,,0.0,,,0.0,,,,,0.0,0.0,0.0,,,,,0.0,0.0,,0.0,,,,,,,0.0,0.0,,0.0,0.0,,,,0.0,,
2024-05-30,0.0,,,0.0,,,,,0.0,,,,0.0,0.0,0.0,,,,,,0.0,0.0,,0.0,,,,0.0,,,0.0,0.0,,,0.0,,,,,0.0,0.0,,0.0,,,,0.0,0.0,0.0,0.0,,,,0.0,,,0.0,,,,,0.0,0.0,0.0,,,,,0.0,0.0,,0.0,,,,,,,0.0,0.0,,0.0,0.0,,,,0.0,,
2024-05-31,0.0,,,0.0,,,,,0.0,,,,0.0,0.0,0.0,,,,,,0.0,0.0,,0.0,,,,0.0,,,0.0,0.0,,,0.0,,,,,0.0,0.0,,0.0,,,,0.0,0.0,0.0,0.0,,,,0.0,,,0.0,,,,,0.0,0.0,0.0,,,,,0.0,0.0,,0.0,,,,,,,0.0,0.0,,0.0,0.0,,,,0.0,,
2023-04-01,0.0,,,0.0,0.0,0.0,0.0,,0.0,0.0,,,0.0,0.0,0.0,,,,0.0,0.0,0.0,,,,,,0.0,0.0,0.0,,0.0,,,0.0,,0.0,0.0,,,,0.0,,,0.0,,,,,0.0,0.0,,,,0.0,,0.0,,,,,,,0.0,,,,0.0,,,0.0,0.0,0.0,0.0,0.0,0.0,,,0.0,,,,0.0,0.0,0.0,,,,,
2023-04-02,0.0,,,0.0,0.0,0.0,0.0,,0.0,0.0,,,0.0,0.0,0.0,,,,0.0,0.0,0.0,,,,,,0.0,0.0,0.0,,0.0,,,0.0,,0.0,0.0,,,,0.0,,,0.0,,,,,0.0,0.0,,,,0.0,,0.0,,,,,,,0.0,,,,0.0,,,0.0,0.0,0.0,0.0,0.0,0.0,,,0.0,,,,0.0,0.0,0.0,,,,,
2023-04-03,0.0,,,0.0,0.0,0.0,0.0,,0.0,0.0,,,0.0,0.0,0.0,,,,0.0,0.0,0.0,,,,,,0.0,0.0,0.0,,0.0,,,0.0,,0.0,0.0,,,,0.0,,,0.0,,,,,0.0,0.0,,,,0.0,,0.0,,,,,,,0.0,,,,0.0,,,0.0,0.0,0.0,0.0,0.0,0.0,,,0.0,,,,0.0,0.0,0.0,,,,,
2023-04-04,0.0,,,0.0,0.0,0.0,0.0,,0.0,0.0,,,0.0,0.0,0.0,,,,0.0,0.0,0.0,,,,,,0.0,0.0,0.0,,0.0,,,0.0,,0.0,0.0,,,,0.0,,,0.0,,,,,0.0,0.0,,,,0.0,,0.0,,,,,,,0.0,,,,0.0,,,0.0,0.0,0.0,0.0,0.0,0.0,,,0.0,,,,0.0,0.0,0.0,,,,,
2023-04-05,0.0,,,0.0,0.0,0.0,0.0,,0.0,0.0,,,0.0,0.0,0.0,,,,0.0,0.0,0.0,,,,,,0.0,0.0,0.0,,0.0,,,0.0,,0.0,0.0,,,,0.0,,,0.0,,,,,0.0,0.0,,,,0.0,,0.0,,,,,,,0.0,,,,0.0,,,0.0,0.0,0.0,0.0,0.0,0.0,,,0.0,,,,0.0,0.0,0.0,,,,,
2023-04-06,0.0,,,0.0,0.0,0.0,0.0,,0.0,0.0,,,0.0,0.0,0.0,,,,0.0,0.0,0.0,,,,,,0.0,0.0,0.0,,0.0,,,0.0,,0.0,0.0,,,,0.0,,,0.0,,,,,0.0,0.0,,,,0.0,,0.0,,,,,,,0.0,,,,0.0,,,0.0,0.0,0.0,0.0,0.0,0.0,,,0.0,,,,0.0,0.0,0.0,,,,,
2023-04-07,0.0,,,0.0,0.0,0.0,0.0,,0.0,0.0,,,0.0,0.0,0.0,,,,0.0,0.0,0.0,,,,,,0.0,0.0,0.0,,0.0,,,0.0,,0.0,0.0,,,,0.0,,,0.0,,,,,0.0,0.0,,,,0.0,,0.0,,,,,,,0.0,,,,0.0,,,0.0,0.0,0.0,0.0,0.0,0.0,,,0.0,,,,0.0,0.0,0.0,,,,,
2023-04-08,0.0,,,0.0,0.0,0.0,0.0,,0.0,0.0,,,0.0,0.0,0.0,,,,0.0,0.0,0.0,,,,,,0.0,0.0,0.0,,0.0,,,0.0,,0.0,0.0,,,,0.0,,,0.0,,,,,0.0,0.0,,,,0.0,,0.0,,,,,,,0.0,,,,0.0,,,0.0,0.0,0.0,0.0,0.0,0.0,,,0.0,,,,0.0,0.0,0.0,,,,,
2023-04-09,0.0,,,0.0,0.0,0.0,0.0,,0.0,0.0,,,0.0,0.0,0.0,,,,0.0,0.0,0.0,,,,,,0.0,0.0,0.0,,0.0,,,0.0,,0.0,0.0,,,,0.0,,,0.0,,,,,0.0,0.0,,,,0.0,,0.0,,,,,,,0.0,,,,0.0,,,0.0,0.0,0.0,0.0,0.0,0.0,,,0.0,,,,0.0,0.0,0.0,,,,,
2023-04-10,0.0,,,5.0,1.4,9.7,1.1,,12.2,0.3,,,11.8,0.0,3.8,,,,2.5,1.4,0.0,,,,,,2.4000000000000004,3.0,0.8,,0.0,,,0.3,,3.3,1.7000000000000002,,,,1.7,,,2.4,,,,,4.5,0.0,,,,0.0,,1.2,,,,,,,0.5,,,,0.0,,,46.6,1.2000000000000002,0.6000000000000001,0.1,4.9,12.8,,,14.9,,,,2.9,4.9,20.9,,,,,
2023-04-11,0.0,,,0.0,5.9,0.6000000000000001,0.0,,1.0,0.1,,,1.1,0.0,6.300000000000001,,,,0.0,0.0,1.7000000000000002,,,,,,0.0,2.1,1.8,,0.2,,,0.6000000000000001,,0.0,0.5,,,,1.2,,,8.1,,,,,2.5,0.0,,,,0.0,,2.2,,,,,,,0.0,,,,0.1,,,1.5,3.4,0.3,0.0,8.6,1.1,,,0.5,,,,0.0,1.5,0.0,,,,,
2023-04-12,0.0,,,9.9,33.3,11.5,29.0,,4.8,25.6,,,15.2,0.0,27.200000000000003,,,,9.5,28.2,33.7,,,,,,3.0,36.8,48.8,,25.6,,,33.6,,13.200000000000005,16.0,,,,53.0,,,24.700000000000003,,,,,25.4,25.1,,,,0.0,,20.7,,,,,,,19.0,,,,44.6,,,4.5,32.5,34.7,27.0,29.5,10.5,,,13.5,,,,18.2,26.5,0.2,,,,,
2023-04-13,0.0,,,0.1,20.5,0.0,32.3,,0.0,23.7,,,0.0,0.0,20.5,,,,10.0,27.2,23.4,,,,,,0.6,13.599999999999998,33.800000000000004,,17.8,,,39.4,,16.9,2.6,,,,12.3,,,59.900000000000006,,,,,32.6,11.7,,,,0.0,,11.0,,,,,,,2.8,,,,37.9,,,0.0,16.200000000000003,45.400000000000006,2.5,23.1,0.0,,,0.2,,,,6.7,26.9,0.0,,,,,
2023-04-14,0.0,,,0.0,0.0,0.0,0.0,,0.0,0.0,,,0.0,0.0,0.0,,,,0.0,0.0,0.0,,,,,,0.0,0.0,0.1,,0.0,,,0.1,,0.0,0.0,,,,0.0,,,0.0,,,,,0.1,0.0,,,,0.0,,0.0,,,,,,,0.0,,,,0.0,,,0.0,0.0,0.0,0.0,0.0,0.0,,,0.0,,,,0.0,0.0,0.0,,,,,
2023-04-15,0.0,,,0.0,0.0,0.0,0.0,,0.0,0.0,,,0.0,0.0,0.0,,,,0.0,0.0,0.0,,,,,,0.0,0.0,0.0,,0.0,,,0.0,,0.0,0.0,,,,0.0,,,0.0,,,,,0.0,0.0,,,,0.0,,0.0,,,,,,,0.0,,,,0.0,,,0.0,0.0,0.0,0.0,0.0,0.0,,,0.0,,,,0.0,0.0,0.0,,,,,
2023-04-16,0.0,,,0.0,0.0,0.0,0.0,,0.0,0.0,,,0.0,0.0,0.0,,,,0.0,0.0,0.0,,,,,,0.0,0.0,0.0,,0.0,,,0.0,,0.0,0.0,,,,0.0,,,0.0,,,,,0.0,0.0,,,,0.0,,0.0,,,,,,,0.0,,,,0.0,,,0.0,0.0,0.0,0.0,0.0,0.0,,,0.0,,,,0.0,0.0,0.0,,,,,
2023-04-17,0.0,,,0.0,0.0,0.0,0.0,,0.0,0.0,,,0.0,0.0,0.0,,,,0.0,0.2,0.3,,,,,,0.0,0.0,0.0,,0.0,,,0.0,,0.5,0.0,,,,0.0,,,0.0,,,,,0.0,0.2,,,,0.0,,0.3,,,,,,,0.0,,,,0.1,,,0.0,0.0,0.0,0.0,0.0,0.0,,,0.0,,,,0.0,0.3,0.0,,,,,
2023-04-18,0.0,,,0.0,0.1,0.0,0.0,,0.0,0.2,,,0.0,0.0,0.0,,,,0.0,0.1,0.0,,,,,,0.0,0.0,0.0,,0.0,,,0.0,,0.0,0.0,,,,0.0,,,0.0,,,,,0.0,0.0,,,,0.0,,0.0,,,,,,,0.0,,,,0.0,,,0.0,0.0,0.0,0.0,0.0,0.0,,,0.0,,,,0.0,0.0,0.0,,,,,
2023-04-19,0.0,,,0.0,0.0,0.0,0.0,,0.0,0.0,,,0.0,0.0,0.0,,,,0.0,0.0,0.0,,,,,,0.0,0.0,0.0,,0.0,,,0.0,,0.0,0.0,,,,0.0,,,0.0,,,,,0.0,0.0,,,,0.0,,0.0,,,,,,,0.0,,,,0.0,,,0.0,0.0,0.0,0.0,0.0,0.0,,,0.0,,,,0.0,0.0,0.0,,,,,
2023-04-20,0.0,,,0.0,0.2,0.0,0.0,,0.0,0.0,,,0.0,0.0,0.0,,,,0.0,0.0,0.0,,,,,,0.0,0.0,0.0,,0.2,,,0.1,,0.0,0.0,,,,0.2,,,0.0,,,,,0.0,0.0,,,,0.0,,0.0,,,,,,,0.0,,,,0.0,,,0.1,0.0,0.0,0.0,0.0,0.0,,,0.0,,,,0.0,0.0,0.0,,,,,
2023-04-21,0.0,,,0.0,0.0,0.0,0.0,,0.0,0.0,,,0.0,0.0,0.0,,,,0.0,0.0,0.0,,,,,,0.0,0.0,0.0,,0.0,,,0.0,,0.0,0.0,,,,0.0,,,0.0,,,,,0.0,0.0,,,,0.0,,0.0,,,,,,,0.0,,,,0.0,,,0.0,0.0,0.0,0.0,0.0,0.0,,,0.0,,,,0.0,0.0,0.0,,,,,
2023-04-22,0.0,,,0.0,0.0,0.0,0.0,,0.0,0.0,,,0.0,0.0,0.0,,,,0.0,0.0,0.0,,,,,,0.0,0.0,0.0,,0.0,,,0.0,,0.0,0.0,,,,0.0,,,0.0,,,,,0.0,0.0,,,,0.0,,0.0,,,,,,,0.0,,,,0.0,,,0.0,0.0,0.0,0.0,0.0,0.0,,,0.0,,,,0.0,0.0,0.0,,,,,
2023-04-23,0.0,,,0.0,0.0,0.0,0.0,,0.0,0.0,,,0.0,0.0,0.0,,,,0.0,0.0,0.0,,,,,,0.0,0.0,0.0,,0.0,,,0.0,,0.0,0.0,,,,0.0,,,0.0,,,,,0.0,0.0,,,,0.0,,0.0,,,,,,,0.0,,,,0.0,,,0.0,0.0,0.0,0.0,0.0,0.0,,,0.0,,,,0.0,0.0,0.0,,,,,
2023-04-24,0.0,,,0.0,0.0,0.0,0.0,,0.0,0.0,,,0.0,0.0,0.0,,,,0.0,0.0,0.0,,,,,,0.0,0.0,0.0,,0.0,,,0.0,,0.0,0.0,,,,0.0,,,0.0,,,,,0.0,0.0,,,,0.0,,0.0,,,,,,,0.0,,,,0.0,,,0.0,0.0,0.0,0.0,0.0,0.0,,,0.0,,,,0.0,0.0,0.0,,,,,
2023-04-25,0.0,,,0.0,0.0,0.0,0.0,,0.0,0.0,,,0.0,0.0,0.0,,,,0.0,0.0,0.0,,,,,,0.0,0.0,0.0,,0.0,,,0.0,,0.0,0.0,,,,0.0,,,0.0,,,,,0.0,0.0,,,,0.0,,0.0,,,,,,,0.0,,,,0.0,,,0.0,0.0,0.0,0.0,0.0,0.0,,,0.0,,,,0.0,0.0,0.0,,,,,
2023-04-26,0.0,,,0.0,0.0,0.0,0.0,,0.0,0.0,,,0.0,0.0,0.0,,,,0.0,0.0,0.0,,,,,,0.0,0.0,0.0,,0.0,,,0.0,,0.0,0.0,,,,0.0,,,0.0,,,,,0.0,0.0,,,,0.0,,0.0,,,,,,,0.0,,,,0.0,,,0.0,0.0,0.0,0.0,0.0,0.0,,,0.0,,,,0.0,0.0,0.0,,,,,
2023-04-27,0.0,,,0.0,0.0,0.0,0.0,,0.0,0.0,,,0.0,0.0,0.0,,,,0.0,0.0,0.0,,,,,,0.0,0.0,0.0,,0.0,,,0.0,,0.0,0.0,,,,0.0,,,0.0,,,,,0.0,0.0,,,,0.0,,0.0,,,,,,,0.0,,,,0.0,,,0.0,0.0,0.0,0.0,0.0,0.0,,,0.0,,,,0.0,0.0,0.0,,,,,
2023-04-28,1.2000000000000002,,,0.0,0.0,0.0,0.0,,0.0,0.0,,,0.0,0.0,0.0,,,,0.0,0.0,1.4,,,,,,0.0,0.0,0.2,,0.4,,,0.0,,0.0,0.0,,,,0.2,,,0.0,,,,,0.0,0.4,,,,0.0,,0.0,,,,,,,0.0,,,,0.0,,,0.0,0.0,0.0,0.4,0.0,0.0,,,0.0,,,,0.0,0.0,0.0,,,,,
2023-04-29,1.3,,,0.0,0.3,0.0,0.0,,0.0,7.400000000000001,,,0.0,0.0,6.0,,,,0.0,3.1,11.6,,,,,,0.0,0.0,3.1,,10.1,,,3.7,,0.0,0.3,,,,2.9,,,1.8,,,,,4.0,7.5,,,,0.0,,0.0,,,,,,,12.1,,,,7.200000000000001,,,0.0,3.3000000000000003,0.0,1.7000000000000002,6.699999999999999,0.0,,,0.3,,,,1.1,4.800000000000001,0.0,,,,,
2023-04-30,0.0,,,0.0,0.0,0.0,0.0,,0.0,0.0,,,0.0,0.0,0.0,,,,0.0,0.0,11.9,,,,,,0.0,0.0,0.0,,0.0,,,0.0,,0.0,0.0,,,,0.0,,,0.0,,,,,0.0,1.2,,,,0.0,,0.0,,,,,,,0.0,,,,0.0,,,0.0,0.0,0.0,0.0,0.0,0.0,,,0.0,,,,0.0,0.0,0.0,,,,,
2024-06-01,,0.0,0.0,0.0,,0.0,0.0,0.0,,,,0.0,0.0,,,,0.0,0.0,0.0,,,,0.0,0.0,,,,,,,,0.0,,0.0,,,0.0,,,,,0.0,0.0,,,,0.0,0.0,,,,,0.0,0.0,,,,,0.0,0.0,,0.0,0.0,0.0,,,,,0.0,0.0,,,,0.0,0.0,,,,0.0,0.0,,0.0,,,0.0,0.0,,0.0,0.0
2024-06-02,,0.0,0.0,0.0,,0.0,0.0,0.0,,,,0.0,0.0,,,,0.0,0.0,0.0,,,,0.0,0.0,,,,,,,,0.0,,0.0,,,0.0,,,,,0.0,0.0,,,,0.0,0.0,,,,,0.0,0.0,,,,,0.0,0.0,,0.0,0.0,0.0,,,,,0.0,0.0,,,,0.0,0.0,,,,0.0,0.0,,0.0,,,0.0,0.0,,0.0,0.0
2024-06-03,,0.0,0.0,0.0,,0.0,0.0,0.0,,,,0.0,0.0,,,,0.0,0.0,0.0,,,,0.0,0.0,,,,,,,,0.0,,0.0,,,0.0,,,,,0.0,0.0,,,,0.0,0.0,,,,,0.0,0.0,,,,,0.0,0.0,,0.0,0.0,0.0,,,,,0.0,0.0,,,,0.0,0.0,,,,0.0,0.0,,0.0,,,0.0,0.0,,0.0,0.0
2024-06-04,,0.0,0.0,0.0,,0.0,0.0,0.0,,,,0.0,0.0,,,,0.0,0.0,0.0,,,,0.0,0.0,,,,,,,,0.0,,0.0,,,0.0,,,,,0.0,0.0,,,,0.0,0.0,,,,,0.0,0.0,,,,,0.0,0.0,,0.0,0.0,0.0,,,,,0.0,0.0,,,,0.0,0.0,,,,0.0,0.0,,0.0,,,0.0,0.0,,0.0,0.0
2024-06-05,,0.0,0.0,0.0,,0.0,0.0,0.0,,,,0.0,0.0,,,,0.0,0.0,0.0,,,,0.0,0.0,,,,,,,,0.0,,0.0,,,0.0,,,,,0.0,0.0,,,,0.0,0.0,,,,,0.0,0.0,,,,,0.0,0.0,,0.0,0.0,0.0,,,,,0.0,0.0,,,,0.0,0.0,,,,0.0,0.0,,0.0,,,0.0,0.0,,0.0,0.0
2024-06-06,,0.0,0.0,0.0,,0.0,0.0,0.0,,,,0.0,0.0,,,,0.0,0.0,0.0,,,,0.0,0.0,,,,,,,,0.0,,0.0,,,0.0,,,,,0.0,0.0,,,,0.0,0.0,,,,,0.0,0.0,,,,,0.0,0.0,,0.0,0.0,0.0,,,,,0.0,0.0,,,,0.0,0.0,,,,0.0,0.0,,0.0,,,0.0,0.0,,0.0,0.0
2024-06-07,,0.0,0.0,0.0,,0.0,0.0,0.0,,,,0.0,0.0,,,,0.0,0.0,0.0,,,,0.0,0.0,,,,,,,,0.0,,0.0,,,0.0,,,,,0.0,0.0,,,,0.0,0.0,,,,,0.0,0.0,,,,,0.0,0.0,,0.0,0.0,0.0,,,,,0.0,0.0,,,,0.0,0.0,,,,0.0,0.0,,0.0,,,0.0,0.0,,0.0,0.0
2024-06-08,,0.0,0.0,0.0,,0.0,0.0,0.0,,,,0.0,0.0,,,,0.0,0.0,0.0,,,,0.0,0.0,,,,,,,,0.0,,0.0,,,0.0,,,,,0.0,0.0,,,,0.0,0.0,,,,,0.0,0.0,,,,,0.0,0.0,,0.0,0.0,0.0,,,,,0.0,0.0,,,,0.0,0.0,,,,0.0,0.0,,0.0,,,0.0,0.0,,0.0,0.0
2024-06-09,,0.0,0.0,0.0,,0.0,0.0,0.0,,,,0.0,0.0,,,,0.0,0.0,0.0,,,,0.0,0.0,,,,,,,,0.0,,0.0,,,0.0,,,,,0.0,0.0,,,,0.0,0.0,,,,,0.0,0.0,,,,,0.0,0.0,,0.0,0.0,0.0,,,,,0.0,0.0,,,,0.0,0.0,,,,0.0,0.0,,0.0,,,0.0,0.0,,0.0,0.0
2023-05-01,0.0,0.0,0.0,,0.0,0.0,,0.0,0.0,,,,0.0,,,0.0,,0.0,0.0,0.0,,,,0.0,,,,,,0.0,,0.0,,,0.0,,,0.0,,0.0,0.0,0.0,,,0.0,0.0,,0.0,,0.0,0.0,,0.0,0.0,0.0,0.0,0.0,,,,0.0,,0.0,,,0.0,,,0.0,,,,0.0,,0.0,0.0,,,0.0,,0.0,,0.0,0.0,0.0,0.0,,,0.0
2023-05-02,0.0,0.0,0.0,,0.0,0.0,,0.0,0.0,,,,0.0,,,0.0,,0.0,0.0,0.0,,,,0.0,,,,,,0.0,,0.0,,,0.0,,,0.0,,0.0,0.0,0.0,,,0.0,0.0,,0.0,,0.0,0.0,,0.0,0.0,0.0,0.0,0.0,,,,0.0,,0.0,,,0.0,,,0.0,,,,0.0,,0.0,0.0,,,0.0,,0.0,,0.0,0.0,0.0,0.0,,,0.0
2023-05-03,0.0,0.0,0.0,,0.0,0.0,,0.0,0.0,,,,0.0,,,0.0,,0.0,0.0,0.0,,,,0.0,,,,,,0.0,,0.0,,,0.0,,,0.0,,0.0,0.0,0.0,,,0.0,0.0,,0.0,,0.0,0.0,,0.0,0.0,0.0,0.0,0.0,,,,0.0,,0.0,,,0.0,,,0.0,,,,0.0,,0.0,0.0,,,0.0,,0.0,,0.0,0.0,0.0,0.0,,,0.0
2023-05-04,0.0,0.0,0.0,,0.0,0.0,,0.0,0.0,,,,0.0,,,0.0,,0.0,0.0,0.0,,,,0.0,,,,,,0.0,,0.0,,,0.0,,,0.0,,0.0,0.0,0.0,,,0.0,0.0,,0.0,,0.0,0.0,,0.0,0.0,0.0,0.0,0.0,,,,0.0,,0.0,,,0.0,,,0.0,,,,0.0,,0.0,0.0,,,0.0,,0.0,,0.0,0.0,0.0,0.0,,,0.0
2023-05-05,0.0,0.0,0.0,,0.0,0.0,,0.0,0.0,,,,0.0,,,0.0,,0.0,0.0,0.0,,,,0.0,,,,,,0.0,,0.0,,,0.0,,,0.0,,0.0,0.0,0.0,,,0.0,0.0,,0.0,,0.0,0.0,,0.0,0.0,0.0,0.0,0.0,,,,0.0,,0.0,,,0.0,,,0.0,,,,0.0,,0.0,0.0,,,0.0,,0.0,,0.0,0.0,0.0,0.0,,,0.0
2023-05-06,0.0,0.0,0.0,,0.0,0.0,,0.0,0.0,,,,0.0,,,0.0,,0.0,0.0,0.0,,,,0.0,,,,,,0.0,,0.0,,,0.0,,,0.0,,0.0,0.0,0.0,,,0.0,0.0,,0.0,,0.0,0.0,,0.0,0.0,0.0,0.0,0.0,,,,0.0,,0.0,,,0.0,,,0.0,,,,0.0,,0.0,0.0,,,0.0,,0.0,,0.0,0.0,0.0,0.0,,,0.0
2023-05-07,0.0,0.0,0.0,,0.7,0.0,,0.8,0.0,,,,0.0,,,0.0,,0.0,0.0,0.8,,,,0.0,,,,,,0.0,,0.0,,,0.0,,,0.0,,0.8,1.3,0.4,,,0.1,0.0,,0.0,,1.5,0.7,,0.0,0.0,0.0,0.0,0.0,,,,0.0,,0.0,,,0.0,,,0.0,,,,0.6,,0.0,0.0,,,0.4,,0.0,,0.0,0.0,0.6000000000000001,0.0,,,0.0
2023-05-08,0.0,0.0,0.0,,0.0,0.0,,0.0,0.0,,,,0.0,,,0.0,,0.0,0.0,0.0,,,,0.0,,,,,,0.0,,0.0,,,0.0,,,0.0,,0.0,0.0,0.0,,,0.0,0.0,,0.0,,0.0,0.0,,0.0,0.0,0.0,0.4,0.0,,,,0.0,,0.0,,,0.0,,,0.0,,,,0.0,,0.0,0.0,,,0.0,,0.0,,0.0,0.0,0.0,0.0,,,0.0
2023-05-09,0.0,0.0,0.0,,0.0,0.0,,0.0,0.0,,,,0.0,,,0.0,,0.0,0.0,0.0,,,,0.0,,,,,,0.0,,0.0,,,0.0,,,0.0,,0.0,0.0,0.0,,,0.0,0.0,,0.0,,0.0,0.0,,0.0,0.0,0.0,0.0,0.0,,,,0.0,,0.0,,,0.0,,,0.0,,,,0.0,,0.0,0.0,,,0.0,,0.0,,0.0,0.0,0.0,0.0,,,0.0
2023-05-10,0.0,0.0,0.0,,0.0,0.0,,0.0,0.0,,,,0.0,,,0.0,,0.0,0.0,0.0,,,,0.0,,,,,,0.0,,0.0,,,0.0,,,0.0,,0.0,0.0,0.0,,,0.0,0.0,,0.0,,0.0,0.0,,0.0,0.0,0.0,0.0,0.0,,,,0.0,,0.0,,,0.0,,,0.0,,,,0.0,,0.0,0.0,,,0.0,,0.0,,0.0,0.0,0.0,0.0,,,0.0
2023-05-11,0.0,0.0,0.0,,0.0,0.0,,0.0,0.0,,,,0.0,,,0.0,,0.0,0.0,0.0,,,,0.0,,,,,,0.0,,0.0,,,0.0,,,0.0,,0.0,0.0,0.0,,,0.0,0.0,,0.0,,0.0,0.0,,0.0,0.0,0.0,0.0,0.0,,,,0.0,,0.0,,,0.0,,,0.0,,,,0.0,,0.0,0.0,,,0.0,,0.0,,0.0,0.0,0.0,0.0,,,0.0
2023-05-12,0.0,0.0,0.0,,0.0,0.0,,0.0,0.0,,,,0.0,,,0.0,,0.0,0.0,0.0,,,,0.0,,,,,,0.0,,0.0,,,0.0,,,0.0,,0.0,0.0,0.0,,,0.0,0.0,,0.0,,0.0,0.0,,0.0,0.0,0.0,0.0,0.0,,,,0.0,,0.0,,,0.0,,,0.0,,,,0.0,,0.0,0.0,,,0.0,,0.0,,0.0,0.0,0.0,0.0,,,0.0
2023-05-13,0.0,0.0,0.0,,0.0,0.0,,0.0,0.0,,,,0.0,,,0.0,,0.0,0.0,0.0,,,,0.0,,,,,,0.0,,0.0,,,0.0,,,0.0,,0.0,0.0,0.0,,,0.0,0.0,,0.0,,0.0,0.0,,0.0,0.0,0.0,0.0,0.0,,,,0.0,,0.0,,,0.0,,,0.0,,,,0.0,,0.0,0.0,,,0.0,,0.0,,0.0,0.0,0.0,0.0,,,0.0
2023-05-14,0.0,0.0,0.0,,0.0,0.0,,0.0,0.0,,,,0.0,,,0.0,,0.0,0.0,0.0,,,,0.0,,,,,,0.0,,0.0,,,0.0,,,0.0,,0.0,0.0,0.0,,,0.0,0.0,,0.0,,0.0,0.0,,0.0,0.0,0.0,0.0,0.0,,,,0.0,,0.0,,,0.0,,,0.0,,,,0.0,,0.0,0.0,,,0.0,,0.0,,0.0,0.0,0.0,0.0,,,0.0
2023-05-15,0.0,0.0,0.0,,0.0,0.0,,0.0,0.0,,,,0.0,,,0.0,,0.0,0.0,0.0,,,,0.0,,,,,,0.0,,0.0,,,0.0,,,0.0,,0.0,0.0,0.0,,,0.0,0.0,,0.0,,0.0,0.0,,0.0,0.0,0.0,0.0,0.0,,,,0.0,,0.0,,,0.0,,,0.0,,,,0.0,,0.0,0.0,,,0.0,,0.0,,0.0,0.0,0.0,0.0,,,0.0
2023-05-16,0.0,0.0,0.0,,0.0,0.0,,0.0,0.0,,,,0.0,,,0.0,,0.0,0.0,0.0,,,,0.0,,,,,,0.0,,0.0,,,0.0,,,0.0,,0.0,0.0,0.0,,,0.0,0.0,,0.0,,0.0,0.0,,0.0,0.0,0.0,0.0,0.0,,,,0.0,,0.0,,,0.0,,,0.0,,,,0.0,,0.0,0.0,,,0.0,,0.0,,0.0,0.0,0.0,0.0,,,0.0
2023-05-17,0.0,0.0,0.0,,0.0,0.0,,0.0,0.0,,,,0.0,,,0.0,,0.0,0.0,0.0,,,,0.0,,,,,,0.0,,0.0,,,0.0,,,0.0,,0.0,0.0,0.0,,,0.0,0.0,,0.0,,0.0,0.0,,0.0,0.0,0.0,0.0,0.0,,,,0.0,,0.0,,,0.0,,,0.0,,,,0.0,,0.0,0.0,,,0.0,,0.0,,0.0,0.0,0.0,0.0,,,0.0
2023-05-18,0.0,0.0,0.0,,0.0,0.0,,0.0,0.0,,,,0.0,,,0.0,,0.0,0.0,0.0,,,,0.0,,,,,,0.0,,0.0,,,0.0,,,0.0,,0.0,0.0,0.0,,,0.0,0.0,,0.0,,0.0,0.0,,0.0,0.0,0.0,0.0,0.0,,,,0.0,,0.0,,,0.0,,,0.0,,,,0.0,,0.0,0.0,,,0.0,,0.0,,0.0,0.0,0.0,0.0,,,0.0
2023-05-19,0.0,0.0,0.0,,0.0,0.0,,0.0,0.0,,,,0.0,,,0.0,,0.0,0.0,0.0,,,,0.0,,,,,,0.0,,0.0,,,0.0,,,0.0,,0.0,0.0,0.0,,,0.0,0.0,,0.0,,0.0,0.0,,0.0,0.0,0.0,0.0,0.0,,,,0.0,,0.0,,,0.0,,,0.0,,,,0.0,,0.0,0.0,,,0.0,,0.0,,0.0,0.0,0.0,0.0,,,0.0
2023-05-20,0.0,0.0,0.0,,0.0,0.0,,0.0,0.0,,,,0.0,,,0.0,,0.0,0.0,1.2,,,,0.0,,,,,,0.0,,0.0,,,0.0,,,0.0,,0.0,0.0,0.5,,,0.0,0.0,,0.0,,0.0,0.0,,0.0,0.0,0.0,0.0,0.0,,,,0.0,,0.0,,,0.0,,,0.0,,,,2.6,,0.0,0.0,,,0.0,,0.0,,0.0,0.0,0.0,0.0,,,0.0
2023-05-21,0.0,0.0,0.0,,0.0,0.0,,0.0,0.0,,,,0.0,,,0.0,,0.0,0.0,0.0,,,,0.0,,,,,,0.0,,0.0,,,0.0,,,0.0,,0.0,0.0,0.0,,,0.0,0.0,,0.0,,0.0,0.0,,0.0,0.0,0.0,0.0,0.0,,,,0.0,,0.0,,,0.0,,,0.0,,,,0.0,,0.0,0.0,,,0.0,,0.0,,0.0,0.0,0.0,0.0,,,0.0
2023-05-22,0.0,0.0,0.0,,0.0,0.0,,0.0,0.0,,,,0.0,,,0.0,,0.0,0.0,0.0,,,,0.0,,,,,,0.0,,0.0,,,0.0,,,0.0,,0.0,0.0,0.0,,,0.0,0.0,,0.0,,0.0,0.0,,0.0,0.0,0.0,0.0,0.0,,,,0.0,,0.0,,,0.0,,,0.0,,,,0.0,,0.0,0.0,,,0.0,,0.0,,0.0,0.0,0.0,0.0,,,0.0
2023-05-23,0.0,0.0,0.0,,0.0,0.0,,0.0,0.0,,,,0.0,,,0.0,,0.0,0.0,0.0,,,,0.0,,,,,,0.0,,0.0,,,0.0,,,0.0,,0.0,0.0,0.0,,,0.0,0.0,,0.0,,0.0,0.0,,0.0,0.0,0.0,0.0,0.0,,,,0.0,,0.0,,,0.0,,,0.0,,,,0.0,,0.0,0.0,,,0.0,,0.0,,0.0,0.0,0.0,0.0,,,0.0
2023-05-24,0.0,0.0,0.0,,0.0,0.0,,0.0,0.0,,,,0.0,,,0.0,,0.0,0.0,0.0,,,,0.0,,,,,,0.0,,0.0,,,0.0,,,0.0,,0.0,0.0,0.0,,,0.0,0.0,,0.0,,0.0,0.0,,0.0,0.0,0.0,0.0,0.0,,,,0.0,,0.0,,,0.0,,,0.0,,,,0.0,,0.0,0.0,,,0.0,,0.0,,0.0,0.0,0.0,0.0,,,0.0
2023-05-25,0.0,0.0,0.0,,0.0,0.0,,0.0,0.0,,,,0.0,,,0.0,,0.0,0.0,0.0,,,,0.0,,,,,,0.0,,0.0,,,0.0,,,0.0,,0.0,0.0,0.0,,,0.0,0.0,,0.0,,0.0,0.0,,0.0,0.0,0.0,0.0,0.0,,,,0.0,,0.0,,,0.0,,,0.0,,,,0.0,,0.0,0.0,,,0.0,,0.0,,0.0,0.0,0.0,0.0,,,0.0
2023-05-26,0.0,0.0,0.0,,0.0,0.0,,0.0,0.9000000000000001,,,,0.0,,,0.0,,0.0,0.0,0.0,,,,0.0,,,,,,0.0,,0.0,,,0.0,,,0.0,,0.0,0.0,0.0,,,0.0,0.0,,0.0,,0.0,0.0,,0.0,0.0,0.0,0.0,0.0,,,,0.0,,0.0,,,0.0,,,0.0,,,,0.0,,0.0,0.0,,,0.0,,0.0,,0.0,0.0,0.0,0.0,,,0.0
2023-05-27,0.0,0.0,0.0,,0.0,2.0,,0.0,4.0,,,,0.1,,,0.0,,0.0,0.0,0.0,,,,0.0,,,,,,0.0,,2.3,,,0.0,,,0.0,,0.0,0.0,0.0,,,0.0,1.6,,0.3,,0.0,0.0,,0.0,0.0,0.0,0.0,0.0,,,,0.0,,0.0,,,0.1,,,0.0,,,,0.0,,0.9,0.0,,,0.0,,0.0,,0.0,0.6000000000000001,0.0,0.0,,,0.3
2023-05-28,0.0,0.5,0.0,,0.4,0.3,,0.0,0.0,,,,0.5,,,0.1,,0.0,0.0,0.0,,,,0.0,,,,,,0.0,,0.2,,,0.0,,,0.0,,0.0,0.0,0.0,,,0.4,6.1,,0.9000000000000001,,0.0,0.0,,1.1,0.0,0.7999999999999999,0.0,0.0,,,,0.0,,0.0,,,0.9,,,0.0,,,,0.0,,1.4,0.0,,,0.0,,0.0,,0.0,2.2,1.5000000000000002,0.0,,,0.5
2023-05-29,0.1,0.0,2.3000000000000003,,0.0,0.0,,0.0,0.0,,,,0.0,,,0.0,,0.0,1.1,0.0,,,,0.0,,,,,,0.1,,0.0,,,0.0,,,0.0,,0.0,0.0,0.1,,,0.2,0.0,,0.0,,0.1,0.0,,0.0,0.0,10.8,0.0,0.0,,,,0.0,,0.0,,,0.0,,,0.0,,,,0.0,,0.0,6.6,,,0.7999999999999999,,0.0,,0.0,0.0,0.0,0.0,,,0.0
2023-05-30,0.0,0.0,0.0,,0.0,0.0,,0.0,0.0,,,,0.0,,,0.0,,0.0,0.0,0.0,,,,0.0,,,,,,0.0,,0.0,,,0.0,,,0.0,,0.0,0.0,0.0,,,0.0,0.0,,0.0,,0.0,0.0,,0.0,0.0,0.0,0.0,0.0,,,,0.0,,0.0,,,0.0,,,0.0,,,,0.0,,0.0,0.0,,,0.0,,0.0,,0.0,0.0,0.0,0.0,,,0.0
2023-05-31,0.0,0.0,0.0,,0.0,0.0,,0.0,,,,,0.0,,,0.0,,0.0,0.0,0.0,,,,0.0,,,,,,0.0,,0.0,,,0.0,,,0.0,,0.0,0.0,0.0,,,0.0,0.0,,0.0,,0.0,0.0,,0.0,0.0,0.0,0.0,0.0,,,,0.0,,0.0,,,0.0,,,0.0,,,,0.0,,0.0,0.0,,,0.0,,0.0,,0.0,0.0,0.0,0.0,,,0.0
2024-04-01,0.0,,,,0.0,,,,0.0,,,0.0,,,,0.0,0.0,0.0,,,0.0,0.0,0.0,,,0.0,,,0.0,0.0,0.0,,,,0.0,0.0,,,,0.0,,,,0.0,0.0,0.0,,,,0.0,,,0.0,0.0,,0.0,0.0,,,,,0.0,0.0,0.0,,,,,0.0,,,,0.0,0.0,,0.0,,,,0.0,0.0,,,,0.0,0.0,,,0.0
2024-04-02,0.0,,,,0.0,,,,0.0,,,0.0,,,,0.0,0.0,0.0,,,0.0,0.0,0.0,,,0.0,,,0.0,0.0,0.0,,,,0.0,0.0,,,,0.0,,,,0.0,0.0,0.0,,,,0.0,,,0.0,0.0,,0.0,0.0,,,,,0.0,0.0,0.0,,,,,0.0,,,,0.0,0.0,,0.0,,,,0.0,0.0,,,,0.0,0.0,,,0.0
2024-04-03,0.0,,,,0.0,,,,0.0,,,0.0,,,,0.0,0.0,0.0,,,0.0,0.0,0.0,,,0.0,,,0.0,0.0,0.0,,,,8.5,0.0,,,,0.0,,,,0.0,0.0,0.0,,,,0.0,,,0.0,0.0,,0.0,0.0,,,,,0.0,0.0,0.0,,,,,0.0,,,,0.0,0.0,,0.0,,,,0.0,0.0,,,,0.0,0.0,,,0.0
2024-04-04,0.0,,,,0.0,,,,0.0,,,0.0,,,,0.0,0.0,0.0,,,0.0,0.0,0.0,,,0.0,,,0.0,0.0,0.0,,,,0.0,0.0,,,,0.0,,,,0.0,0.0,0.0,,,,0.0,,,0.0,0.0,,0.0,0.0,,,,,0.0,0.0,0.0,,,,,0.0,,,,0.0,0.0,,0.0,,,,0.0,0.0,,,,0.0,0.0,,,0.0
2024-04-05,0.0,,,,0.0,,,,0.0,,,0.0,,,,0.0,0.0,0.0,,,0.0,0.0,0.0,,,0.0,,,0.0,0.0,0.0,,,,0.0,0.0,,,,0.0,,,,0.0,0.0,0.0,,,,0.0,,,0.0,0.0,,0.0,0.0,,,,,0.0,0.0,0.0,,,,,0.0,,,,0.0,0.0,,0.0,,,,0.0,0.0,,,,0.0,0.0,,,0.0
2024-04-06,0.0,,,,0.0,,,,0.0,,,0.0,,,,0.0,0.0,0.0,,,0.0,0.0,0.0,,,0.0,,,0.0,0.0,0.0,,,,0.0,0.0,,,,0.0,,,,0.0,0.0,0.0,,,,0.0,,,0.0,0.0,,0.0,0.0,,,,,0.0,0.0,0.0,,,,,0.0,,,,0.0,0.0,,0.0,,,,0.0,0.0,,,,0.0,0.0,,,0.0
2024-04-07,0.0,,,,0.0,,,,0.0,,,0.0,,,,0.0,0.0,0.0,,,0.0,0.0,0.0,,,0.0,,,0.0,0.0,0.0,,,,0.0,0.0,,,,0.0,,,,0.0,0.0,0.0,,,,0.0,,,0.0,0.0,,0.0,0.0,,,,,0.0,0.0,0.0,,,,,0.0,,,,0.0,0.0,,0.0,,,,0.0,0.0,,,,0.0,0.0,,,0.0
2024-04-08,8.5,,,,0.0,,,,0.0,,,0.0,,,,0.0,11.599999999999998,0.0,,,13.6,1.3,0.0,,,10.3,,,5.7,18.7,1.6,,,,0.0,2.3000000000000003,,,,13.2,,,,0.0,1.9,0.0,,,,0.0,,,0.0,0.0,,0.0,1.5000000000000002,,,,,4.200000000000001,0.2,0.0,,,,,0.4,,,,6.800000000000001,0.0,,20.8,,,,1.6,4.6,,,,0.0,7.099999999999999,,,0.0
2024-04-09,7.400000000000001,,,,0.1,,,,0.0,,,0.0,,,,0.0,0.1,0.0,,,0.2,2.7,0.0,,,10.0,,,0.2,4.5,4.0,,,,0.0,0.4,,,,4.2,,,,0.3,9.2,0.3,,,,0.0,,,0.0,0.0,,0.8,24.2,,,,,1.7000000000000002,0.0,0.0,,,,,0.0,,,,0.7000000000000001,0.0,,2.4,,,,5.6,0.0,,,,0.0,6.1000000000000005,,,0.0
2024-04-10,22.3,,,,11.7,,,,0.0,,,0.0,,,,1.5,15.4,0.0,,,38.3,22.6,8.2,,,33.400000000000006,,,17.0,18.4,27.3,,,,0.0,2.0,,,,22.8,,,,15.2,56.5,0.0,,,,0.0,,,14.700000000000005,0.0,,9.1,16.6,,,,,20.4,11.3,0.0,,,,,19.0,,,,20.200000000000003,19.1,,4.0,,,,19.6,3.8,,,,0.0,19.1,,,4.699999999999999
2024-04-11,0.0,,,,0.0,,,,0.0,,,0.0,,,,0.0,0.0,0.0,,,5.2,0.2,0.0,,,1.5,,,0.1,0.0,0.0,,,,0.0,0.0,,,,0.0,,,,0.0,0.1,0.0,,,,0.0,,,0.0,0.0,,0.1,0.0,,,,,0.0,0.0,0.0,,,,,0.0,,,,0.0,0.0,,0.0,,,,0.0,0.0,,,,0.0,0.0,,,0.0
2024-04-12,0.0,,,,0.0,,,,0.0,,,0.0,,,,0.0,0.0,0.0,,,0.0,0.0,0.0,,,0.0,,,0.0,0.0,0.0,,,,0.0,0.0,,,,0.0,,,,0.0,0.0,0.0,,,,0.0,,,0.0,0.0,,0.0,0.0,,,,,0.0,0.0,0.0,,,,,0.0,,,,0.0,0.0,,0.0,,,,0.0,0.0,,,,0.0,0.0,,,0.0
2024-04-13,0.0,,,,0.0,,,,0.0,,,0.0,,,,0.0,0.0,0.0,,,0.0,0.0,0.0,,,0.0,,,0.0,0.0,0.0,,,,0.0,0.0,,,,0.0,,,,0.0,0.0,0.0,,,,0.0,,,0.0,0.0,,0.0,0.0,,,,,0.0,0.0,0.0,,,,,0.0,,,,0.0,0.0,,0.0,,,,0.0,0.0,,,,0.0,0.0,,,0.0
2024-04-14,0.0,,,,0.0,,,,0.0,,,0.0,,,,0.0,0.0,0.0,,,0.0,0.0,0.0,,,0.0,,,0.0,0.0,0.0,,,,0.0,0.0,,,,0.0,,,,0.0,0.0,0.0,,,,0.0,,,0.0,0.0,,0.0,0.0,,,,,0.0,0.0,0.0,,,,,0.0,,,,0.0,0.0,,0.0,,,,0.0,0.0,,,,0.0,0.0,,,0.0
2024-04-15,0.0,,,,0.0,,,,0.0,,,0.0,,,,0.0,0.0,0.0,,,0.0,0.0,0.0,,,0.0,,,0.0,0.0,0.0,,,,0.0,0.0,,,,0.0,,,,0.0,0.0,0.0,,,,0.0,,,0.0,0.0,,0.0,0.0,,,,,0.0,0.0,0.0,,,,,0.0,,,,0.0,0.0,,0.0,,,,0.0,0.0,,,,0.0,0.0,,,0.0
2024-04-16,0.0,,,,0.0,,,,0.0,,,0.0,,,,0.0,0.0,0.0,,,0.0,0.0,0.0,,,0.0,,,0.0,0.0,0.0,,,,0.0,0.0,,,,0.0,,,,0.0,0.0,0.0,,,,0.0,,,0.0,0.0,,0.0,0.0,,,,,0.0,0.0,0.0,,,,,0.0,,,,0.0,0.0,,0.0,,,,0.0,0.0,,,,0.0,0.0,,,0.0
2024-04-17,0.0,,,,0.0,,,,0.0,,,0.0,,,,0.0,0.0,0.0,,,0.0,0.0,0.0,,,0.0,,,0.0,0.0,0.0,,,,0.0,0.0,,,,0.0,,,,0.0,0.0,0.0,,,,0.0,,,0.0,0.0,,0.0,0.0,,,,,0.0,0.0,0.0,,,,,0.0,,,,0.0,0.0,,0.0,,,,0.0,0.0,,,,0.0,0.0,,,0.0
2024-04-18,0.0,,,,0.0,,,,0.0,,,0.0,,,,0.0,0.0,0.0,,,0.0,0.0,0.0,,,0.0,,,0.0,0.0,0.0,,,,0.0,0.0,,,,0.0,,,,0.0,0.0,0.0,,,,0.0,,,0.0,0.0,,0.0,0.0,,,,,0.0,0.0,0.0,,,,,0.0,,,,0.0,0.0,,0.0,,,,0.0,0.0,,,,0.0,0.0,,,0.0
2024-04-19,0.0,,,,0.0,,,,0.0,,,0.0,,,,0.0,0.0,0.0,,,0.0,0.0,0.0,,,0.0,,,0.0,0.0,0.0,,,,0.0,0.0,,,,0.0,,,,0.0,0.0,0.0,,,,0.0,,,0.0,0.0,,0.0,0.0,,,,,0.0,0.0,0.0,,,,,0.0,,,,0.0,0.0,,0.0,,,,0.0,0.0,,,,0.0,0.0,,,0.0
2024-04-20,0.0,,,,0.0,,,,0.0,,,0.0,,,,0.0,0.0,0.0,,,0.0,0.0,0.0,,,0.0,,,0.0,0.0,0.0,,,,0.0,0.0,,,,0.0,,,,0.0,0.0,0.0,,,,0.0,,,0.0,0.0,,0.0,0.0,,,,,0.0,0.0,0.0,,,,,0.0,,,,0.0,0.0,,0.0,,,,0.0,0.0,,,,0.0,0.0,,,0.0
2024-04-21,0.0,,,,0.0,,,,0.0,,,0.0,,,,0.0,0.0,0.0,,,0.0,0.0,0.0,,,0.0,,,0.0,0.0,0.0,,,,0.0,0.0,,,,0.0,,,,0.0,0.0,0.0,,,,0.0,,,0.0,0.0,,0.0,0.0,,,,,0.0,0.0,0.0,,,,,0.0,,,,0.0,0.0,,0.0,,,,0.0,0.0,,,,0.0,0.0,,,0.0
2024-04-22,0.0,,,,0.0,,,,0.0,,,0.0,,,,0.0,0.0,0.0,,,0.0,0.0,0.0,,,0.0,,,0.0,0.0,0.0,,,,0.0,0.0,,,,0.0,,,,0.0,0.0,0.0,,,,0.0,,,0.0,0.0,,0.0,0.0,,,,,0.0,0.0,0.0,,,,,0.0,,,,0.0,0.0,,0.0,,,,0.0,0.0,,,,2.1,0.0,,,0.0
2024-04-23,0.0,,,,0.0,,,,0.0,,,0.0,,,,0.0,0.0,0.0,,,0.0,0.0,0.0,,,0.0,,,0.0,0.0,0.0,,,,0.0,0.0,,,,0.0,,,,0.0,0.0,0.0,,,,0.0,,,0.0,0.0,,0.0,0.0,,,,,0.0,0.0,0.0,,,,,0.0,,,,0.0,0.0,,0.0,,,,0.0,0.0,,,,0.0,0.0,,,0.0
2024-04-24,0.0,,,,0.0,,,,0.0,,,0.0,,,,0.0,0.0,0.0,,,0.0,0.0,0.0,,,0.0,,,0.0,0.0,0.0,,,,,0.0,,,,0.0,,,,0.0,0.0,0.0,,,,0.0,,,0.0,0.0,,0.0,0.0,,,,,0.0,0.0,0.0,,,,,0.0,,,,0.0,0.0,,0.0,,,,0.0,0.0,,,,7.6,0.0,,,0.0
2024-04-25,0.0,,,,0.0,,,,0.0,,,0.0,,,,0.0,0.0,0.0,,,0.0,0.0,0.0,,,0.0,,,0.0,0.0,0.0,,,,,0.0,,,,0.0,,,,0.0,0.0,0.0,,,,0.0,,,0.0,0.0,,0.0,0.0,,,,,0.0,0.0,0.0,,,,,0.0,,,,0.0,0.0,,0.0,,,,0.0,0.0,,,,,0.0,,,0.0
2024-04-26,0.0,,,,0.0,,,,0.0,,,0.0,,,,0.0,0.0,0.0,,,0.0,0.0,0.0,,,0.0,,,0.0,0.0,0.0,,,,,0.0,,,,0.0,,,,0.0,0.0,0.0,,,,0.0,,,0.0,0.0,,0.0,0.0,,,,,0.0,0.0,0.0,,,,,0.0,,,,0.0,0.0,,0.0,,,,0.0,0.0,,,,,0.0,,,0.0
2024-04-27,0.0,,,,0.0,,,,0.0,,,0.0,,,,0.0,0.0,0.0,,,0.0,0.0,0.0,,,0.0,,,0.0,0.0,0.0,,,,,0.0,,,,0.0,,,,0.0,0.0,0.0,,,,0.0,,,0.0,0.0,,0.0,0.0,,,,,0.0,0.0,0.0,,,,,0.0,,,,0.0,0.0,,0.0,,,,0.0,0.0,,,,,0.0,,,0.0
2024-04-28,0.0,,,,0.0,,,,0.0,,,0.0,,,,0.0,0.0,0.0,,,0.0,0.0,0.0,,,0.0,,,0.0,0.0,0.0,,,,,0.0,,,,0.0,,,,0.0,0.0,0.0,,,,0.0,,,0.0,0.0,,0.0,0.0,,,,,0.0,0.0,0.0,,,,,0.0,,,,0.0,0.0,,0.0,,,,0.0,0.0,,,,,0.0,,,0.0
2024-04-29,0.0,,,,0.0,,,,0.0,,,0.0,,,,0.0,0.0,0.0,,,0.0,0.0,0.0,,,0.0,,,0.0,0.0,0.0,,,,,0.0,,,,0.0,,,,0.0,0.0,0.0,,,,0.0,,,0.0,0.0,,0.0,0.0,,,,,0.0,0.0,0.0,,,,,0.0,,,,0.0,0.0,,0.0,,,,0.0,0.0,,,,,0.0,,,0.0
2024-04-30,0.0,,,,0.0,,,,0.0,,,0.0,,,,0.0,0.0,0.0,,,0.0,5.1,0.0,,,0.0,,,0.4,0.9000000000000001,2.3,,,,,0.0,,,,0.4,,,,0.0,2.6,0.0,,,,0.0,,,0.0,0.0,,0.0,11.5,,,,,4.2,0.0,0.0,,,,,0.0,,,,0.0,0.0,,0.0,,,,1.3,0.0,,,,,4.6000000000000005,,,0.0
2024-03-01,,0.0,,,,0.0,,0.0,0.0,,,,0.0,,,,,0.0,,,,0.0,,0.0,,0.0,,0.0,,,0.0,0.0,,,,,0.0,,,,0.0,,0.0,0.0,,,0.0,0.0,,0.0,,,,,,0.0,,,,,,0.0,,,0.0,,,,0.0,0.0,,,,,0.0,0.0,,0.0,0.0,0.0,0.0,,,,0.0,0.0,,,
2024-03-02,,0.0,,,,0.0,,0.0,0.0,,,,0.0,,,,,0.0,,,,0.0,,0.0,,2.3000000000000003,,0.0,,,0.0,0.0,,,,,0.0,,,,0.0,,0.0,0.0,,,0.0,0.0,,0.9000000000000001,,,,,,0.0,,,,,,0.0,,,0.0,,,,0.0,0.0,,,,,0.0,0.0,,0.0,0.0,0.0,0.0,,,,0.0,0.0,,,
2024-03-03,,0.0,,,,0.0,,1.6,0.0,,,,0.0,,,,,0.0,,,,5.9,,2.1,,9.0,,2.5,,,4.800000000000001,0.0,,,,,0.8999999999999999,,,,6.699999999999999,,3.5,0.0,,,2.4000000000000004,2.1,,4.9,,,,,,2.8000000000000003,,,,,,0.0,,,0.6000000000000001,,,,2.9,0.0,,,,,0.0,2.7,,0.1,6.699999999999999,3.8,3.7,,,,3.0,2.0,,,
2024-03-04,,0.0,,,,0.0,,0.6,0.0,,,,0.0,,,,,0.0,,,,0.3,,3.6,,0.2,,1.5000000000000002,,,0.4,0.0,,,,,1.4,,,,2.7,,0.0,0.0,,,1.5,0.1,,0.5,,,,,,2.5,,,,,,0.0,,,0.1,,,,0.2,0.0,,,,,0.0,2.1,,0.7999999999999999,0.0,3.5000000000000004,0.0,,,,0.0,8.200000000000001,,,
2024-03-05,,0.0,,,,0.0,,0.0,0.0,,,,0.0,,,,,0.0,,,,0.0,,0.0,,0.0,,0.0,,,0.0,0.0,,,,,0.0,,,,0.0,,0.0,0.0,,,0.0,0.0,,0.0,,,,,,0.1,,,,,,0.0,,,0.0,,,,0.0,0.0,,,,,0.0,0.0,,0.0,0.0,0.0,0.0,,,,0.0,0.0,,,
2024-03-06,,0.2,,,,0.0,,0.0,0.0,,,,0.0,,,,,0.0,,,,1.1,,0.4,,1.0,,0.7999999999999999,,,1.7999999999999998,0.0,,,,,0.0,,,,3.7,,0.0,0.0,,,1.2000000000000002,0.0,,0.6000000000000001,,,,,,1.7,,,,,,3.5,,,0.0,,,,0.0,0.0,,,,,0.0,0.2,,0.0,3.2,1.0,0.0,,,,0.2,0.0,,,
2024-03-07,,2.9000000000000004,,,,0.0,,0.1,0.0,,,,2.1,,,,,0.0,,,,0.1,,1.0,,1.0,,2.9000000000000004,,,0.0,0.0,,,,,1.7,,,,1.0,,0.0,0.0,,,1.1,1.5000000000000002,,0.1,,,,,,2.4,,,,,,0.0,,,1.0,,,,0.3,0.0,,,,,0.0,0.9,,1.5,2.9,0.2,0.0,,,,0.1,0.1,,,
2024-03-08,,0.0,,,,0.0,,0.0,0.0,,,,0.0,,,,,0.0,,,,0.0,,0.0,,0.0,,0.0,,,0.0,0.0,,,,,0.0,,,,0.0,,0.0,0.0,,,0.2,0.0,,0.0,,,,,,0.1,,,,,,0.0,,,0.0,,,,0.0,0.0,,,,,0.0,0.0,,0.0,0.2,0.0,0.0,,,,0.0,0.0,,,
2024-03-09,,0.0,,,,0.0,,0.0,0.0,,,,0.0,,,,,0.0,,,,1.2000000000000002,,0.4,,2.8,,0.3,,,2.3000000000000003,0.0,,,,,0.0,,,,0.0,,0.0,0.0,,,0.2,0.0,,1.6,,,,,,0.3,,,,,,0.5,,,0.0,,,,0.0,0.0,,,,,0.0,0.4,,0.0,5.199999999999999,0.3,0.0,,,,4.6,0.3,,,
2024-03-10,,0.0,,,,0.0,,0.0,0.0,,,,0.0,,,,,0.0,,,,0.0,,0.0,,0.0,,0.0,,,0.0,0.0,,,,,0.0,,,,0.0,,0.0,0.0,,,0.0,0.0,,0.0,,,,,,0.0,,,,,,39.3,,,0.0,,,,0.0,0.0,,,,,0.0,0.0,,0.0,0.0,0.0,0.0,,,,0.0,0.0,,,
2024-03-11,,0.0,,,,0.0,,0.0,0.0,,,,0.0,,,,,0.0,,,,0.0,,0.0,,0.0,,0.0,,,0.0,0.0,,,,,0.0,,,,0.0,,0.0,0.0,,,0.0,0.0,,0.0,,,,,,0.0,,,,,,2.7,,,0.0,,,,0.0,0.0,,,,,0.0,0.0,,0.0,0.0,0.0,0.0,,,,0.0,0.0,,,
2024-03-12,,0.0,,,,0.0,,0.0,0.0,,,,0.0,,,,,0.0,,,,0.0,,0.0,,0.0,,0.0,,,0.0,0.0,,,,,0.0,,,,0.0,,0.0,0.0,,,0.0,0.0,,0.0,,,,,,0.0,,,,,,0.0,,,0.0,,,,0.0,0.0,,,,,0.0,0.0,,0.0,0.0,0.0,0.0,,,,0.0,0.0,,,
2024-03-13,,0.0,,,,0.0,,0.0,0.0,,,,0.0,,,,,0.0,,,,0.0,,0.0,,0.0,,0.0,,,0.0,0.0,,,,,0.0,,,,0.0,,0.0,0.0,,,0.0,0.0,,0.0,,,,,,0.0,,,,,,0.0,,,0.0,,,,0.0,0.0,,,,,0.0,0.0,,0.0,0.0,0.0,0.0,,,,0.0,0.0,,,
2024-03-14,,0.0,,,,0.0,,0.0,0.0,,,,0.0,,,,,0.0,,,,0.0,,0.0,,0.0,,0.0,,,0.0,0.0,,,,,0.0,,,,0.0,,0.0,0.0,,,0.0,0.0,,0.0,,,,,,0.0,,,,,,0.0,,,0.0,,,,0.0,0.0,,,,,0.0,0.0,,0.0,0.0,0.0,0.0,,,,0.0,0.0,,,
2024-03-15,,1.1,,,,0.0,,0.0,0.0,,,,0.0,,,,,0.0,,,,1.4,,0.1,,1.3,,1.0,,,2.4,0.0,,,,,2.7,,,,3.9,,0.0,0.0,,,0.0,0.0,,2.1,,,,,,0.5,,,,,,0.0,,,0.0,,,,0.0,0.0,,,,,0.0,0.1,,0.0,7.299999999999999,1.6,0.0,,,,1.1,0.2,,,
2024-03-16,,0.0,,,,0.0,,0.0,0.0,,,,0.0,,,,,0.0,,,,0.0,,0.0,,0.0,,0.0,,,0.0,0.0,,,,,0.0,,,,0.0,,0.0,0.0,,,0.0,0.0,,0.1,,,,,,0.0,,,,,,0.0,,,0.0,,,,0.0,0.0,,,,,0.0,0.0,,0.0,0.1,0.0,0.0,,,,0.0,0.0,,,
2024-03-17,,0.0,,,,0.0,,0.0,0.0,,,,0.0,,,,,0.0,,,,0.0,,0.0,,0.0,,0.0,,,0.0,0.0,,,,,0.0,,,,0.0,,0.0,0.0,,,0.0,0.0,,0.0,,,,,,0.0,,,,,,0.0,,,0.0,,,,0.0,0.0,,,,,0.0,0.0,,0.0,0.0,0.0,0.0,,,,0.0,0.0,,,
2024-03-18,,0.1,,,,0.7000000000000001,,2.8000000000000003,0.7,,,,0.2,,,,,0.0,,,,0.0,,0.3,,4.5,,8.3,,,0.7999999999999999,1.5,,,,,0.0,,,,0.0,,1.4,0.0,,,2.7,15.1,,2.8,,,,,,0.1,,,,,,0.0,,,9.5,,,,2.1,0.0,,,,,0.3,0.8,,1.3,1.0,0.0,1.5,,,,0.3,0.6,,,
2024-03-19,,29.3,,,,0.5,,3.0,0.7999999999999999,,,,2.3000000000000003,,,,,0.0,,,,18.5,,26.5,,11.8,,40.900000000000006,,,17.8,0.0,,,,,12.3,,,,12.2,,10.8,0.0,,,44.8,47.400000000000006,,13.3,,,,,,35.1,,,,,,0.0,,,13.1,,,,14.7,1.0,,,,,0.2,30.4,,4.1,21.6,34.7,16.0,,,,14.5,28.9,,,
2024-03-20,,2.5,,,,0.0,,0.0,0.0,,,,0.0,,,,,0.0,,,,29.200000000000003,,2.0,,30.800000000000004,,1.4,,,27.5,0.0,,,,,0.0,,,,3.1,,1.4,0.0,,,0.3,0.0,,17.8,,,,,,1.0,,,,,,0.0,,,0.0,,,,0.0,0.0,,,,,0.0,1.4,,0.0,34.8,3.2,0.2,,,,20.9,3.3,,,
2024-03-21,,0.2,,,,0.0,,0.0,0.0,,,,0.0,,,,,0.0,,,,0.0,,0.0,,1.0,,0.0,,,1.1,0.0,,,,,0.0,,,,0.5,,0.0,0.1,,,0.0,0.3,,0.1,,,,,,0.0,,,,,,0.0,,,0.4,,,,0.0,0.0,,,,,0.0,0.0,,0.0,0.0,0.0,0.0,,,,0.0,0.0,,,
2024-03-22,,0.0,,,,0.0,,0.0,0.0,,,,0.0,,,,,0.0,,,,0.3,,0.0,,0.2,,0.0,,,0.0,0.0,,,,,0.0,,,,0.0,,0.0,0.0,,,0.0,0.0,,0.3,,,,,,0.0,,,,,,0.0,,,0.1,,,,0.0,0.0,,,,,0.0,0.0,,0.0,0.1,0.0,0.0,,,,0.7,0.0,,,
2024-03-23,,0.0,,,,0.0,,0.0,0.0,,,,0.0,,,,,0.0,,,,0.0,,0.0,,0.3,,0.0,,,0.1,0.0,,,,,0.0,,,,0.0,,0.0,0.0,,,0.0,0.0,,0.0,,,,,,0.0,,,,,,,,,0.0,,,,0.0,0.0,,,,,0.0,0.0,,0.0,0.1,0.0,0.0,,,,0.0,0.0,,,
2024-03-24,,0.0,,,,0.8,,0.0,4.0,,,,0.0,,,,,0.0,,,,0.0,,0.0,,0.0,,0.0,,,0.0,0.1,,,,,0.0,,,,0.0,,0.0,2.9,,,0.0,0.8,,0.0,,,,,,0.0,,,,,,,,,0.9,,,,0.0,0.2,,,,,5.1,0.0,,0.0,0.0,0.0,0.0,,,,0.7,0.0,,,
2024-03-25,,0.0,,,,0.0,,0.0,0.0,,,,0.0,,,,,0.0,,,,0.0,,0.0,,4.6,,0.0,,,0.0,0.0,,,,,0.0,,,,0.0,,0.0,0.1,,,0.0,0.0,,0.6000000000000001,,,,,,0.0,,,,,,,,,0.0,,,,0.0,0.0,,,,,0.0,0.0,,0.0,0.0,0.0,0.0,,,,1.5,0.0,,,
2024-03-26,,0.0,,,,0.0,,0.0,0.0,,,,0.0,,,,,0.0,,,,0.0,,0.0,,0.0,,0.0,,,0.0,0.0,,,,,0.0,,,,0.0,,0.0,0.0,,,0.0,0.0,,0.0,,,,,,0.0,,,,,,,,,0.0,,,,0.0,0.0,,,,,0.0,0.0,,0.0,0.0,0.0,0.0,,,,0.0,0.0,,,
2024-03-27,,0.0,,,,0.0,,0.0,0.0,,,,0.0,,,,,0.0,,,,0.0,,0.0,,0.0,,0.0,,,0.0,0.0,,,,,0.0,,,,0.0,,0.0,0.0,,,0.0,0.0,,0.0,,,,,,0.0,,,,,,,,,0.0,,,,0.0,0.0,,,,,0.0,0.0,,0.0,0.0,0.0,0.0,,,,0.0,0.0,,,
2024-03-28,,0.0,,,,0.0,,0.0,0.0,,,,0.0,,,,,0.0,,,,0.0,,0.0,,0.0,,0.0,,,0.0,0.0,,,,,0.0,,,,0.0,,0.0,0.0,,,0.0,0.0,,0.0,,,,,,0.0,,,,,,,,,0.0,,,,0.0,0.0,,,,,0.0,0.0,,0.0,0.0,0.0,0.0,,,,0.0,0.0,,,
2024-03-29,,0.0,,,,0.0,,0.0,0.0,,,,0.0,,,,,0.0,,,,0.0,,0.0,,0.0,,0.0,,,0.0,0.0,,,,,0.0,,,,0.0,,0.0,0.0,,,0.0,0.0,,0.0,,,,,,0.0,,,,,,,,,0.0,,,,0.0,0.0,,,,,0.0,0.0,,0.0,0.0,0.0,0.0,,,,0.0,0.0,,,
2024-03-30,,0.0,,,,0.0,,0.0,0.0,,,,0.0,,,,,0.0,,,,0.0,,0.0,,0.0,,0.0,,,0.0,0.0,,,,,0.0,,,,0.0,,0.0,0.0,,,0.0,0.0,,0.0,,,,,,0.0,,,,,,,,,0.0,,,,0.0,0.0,,,,,0.0,0.0,,0.0,0.0,0.0,0.0,,,,0.0,0.0,,,
2024-03-31,,0.0,,,,0.0,,0.0,0.0,,,,0.0,,,,,0.0,,,,0.0,,0.0,,0.0,,0.0,,,0.0,0.0,,,,,0.0,,,,0.0,,0.0,0.0,,,0.0,0.0,,0.0,,,,,,0.0,,,,,,,,,0.0,,,,0.0,0.0,,,,,0.0,0.0,,0.0,0.0,0.0,0.0,,,,0.0,0.0,,,
2023-01-01,0.0,0.0,0.0,0.0,0.0,0.0,0.0,0.0,0.0,0.0,0.0,0.0,,,,0.2,0.0,,,,,0.0,,,,,0.0,0.0,,,,,,0.0,0.0,0.0,,0.0,,0.0,0.0,,0.0,0.0,0.0,0.0,,,0.0,0.0,,,0.0,,,,0.0,,,,,,0.0,,0.0,0.0,0.0,,,0.0,,,0.0,0.0,0.0,,,,0.0,,,,0.0,,0.0,,0.0,0.0,0.0
2023-01-02,0.0,0.0,0.0,0.6000000000000001,0.0,0.0,0.0,0.0,0.0,0.0,0.1,0.0,,,,0.0,0.0,,,,,0.0,,,,,0.0,0.0,,,,,,0.0,0.0,1.1,,0.0,,0.0,0.0,,0.0,0.0,0.0,0.0,,,0.8,2.6000000000000005,,,0.1,,,,0.0,,,,,,0.0,,0.0,0.0,0.0,,,0.0,,,0.0,0.1,0.0,,,,0.0,,,,0.0,,0.0,,0.0,0.0,0.0
2023-01-03,1.3,0.0,0.0,0.0,0.0,0.0,0.0,0.0,0.0,0.0,2.5,0.0,,,,0.0,0.0,,,,,0.0,,,,,0.0,1.5,,,,,,0.0,0.0,2.4,,0.0,,1.8,0.9,,0.0,0.0,0.0,0.0,,,0.0,0.0,,,0.0,,,,0.0,,,,,,0.0,,0.0,0.0,0.0,,,0.0,,,0.0,0.0,0.0,,,,0.1,,,,0.1,,0.5,,0.2,0.0,0.0
2023-01-04,0.0,0.0,0.0,0.0,0.6,0.0,0.0,0.0,0.0,2.3,0.0,0.0,,,,1.7000000000000002,0.0,,,,,0.0,,,,,0.0,0.1,,,,,,0.0,0.0,0.0,,0.0,,0.0,0.0,,0.0,0.2,0.7000000000000001,0.0,,,0.1,0.1,,,0.0,,,,0.0,,,,,,0.0,,0.7000000000000001,0.0,0.3,,,0.0,,,0.0,0.7,0.0,,,,0.0,,,,0.0,,0.0,,0.4,0.0,0.0
2023-01-05,0.0,0.0,0.0,0.0,0.0,0.0,0.1,0.0,0.0,0.1,0.2,0.0,,,,0.1,0.0,,,,,0.2,,,,,0.0,0.0,,,,,,0.0,0.0,0.0,,0.0,,0.0,0.0,,0.0,0.0,0.1,0.0,,,0.0,0.7999999999999999,,,0.0,,,,0.0,,,,,,0.1,,0.0,0.0,0.0,,,0.0,,,0.0,0.0,0.0,,,,0.0,,,,0.0,,0.0,,0.0,0.0,0.0
2023-01-06,15.4,0.1,3.5,0.0,3.8,0.0,6.5,1.7999999999999998,0.0,4.0,1.4,0.0,,,,0.0,8.799999999999999,,,,,13.4,,,,,0.0,8.8,,,,,,0.0,1.7,0.2,,6.0,,28.2,19.8,,8.299999999999999,8.5,1.8,0.0,,,1.6000000000000003,2.6,,,0.0,,,,4.3,,,,,,1.0,,5.8,0.0,4.4,,,0.0,,,0.2,2.6,0.1,,,,7.300000000000001,,,,5.2,,0.7,,8.8,0.0,0.0
2023-01-07,3.0,10.0,4.5,0.0,0.3,0.0,1.1,0.7,0.0,2.1,2.4,0.0,,,,0.0,0.3,,,,,6.3,,,,,0.0,4.6,,,,,,0.0,0.4,0.7,,0.2,,6.8,13.4,,14.3,0.7,6.7,0.0,,,0.0,7.0,,,0.0,,,,5.7,,,,,,1.3,,0.7000000000000001,0.0,7.1000000000000005,,,0.0,,,5.4,0.2,0.0,,,,15.5,,,,11.7,,4.300000000000001,,12.400000000000002,0.0,0.0
2023-01-08,0.0,0.1,0.0,0.0,0.0,0.0,0.0,3.7,0.0,0.0,0.1,0.0,,,,0.0,0.0,,,,,0.1,,,,,0.0,0.0,,,,,,0.0,0.0,0.0,,0.0,,0.0,0.1,,0.2,0.0,0.0,0.0,,,0.0,0.1,,,0.0,,,,0.1,,,,,,0.8999999999999999,,1.0,0.0,0.0,,,0.0,,,0.0,0.0,0.0,,,,0.1,,,,0.1,,0.0,,0.0,0.0,0.0
2023-01-09,0.0,0.0,0.0,0.1,0.0,4.5,4.4,4.7,0.3,0.0,0.4,0.0,,,,0.1,0.5,,,,,0.0,,,,,1.6,0.2,,,,,,0.0,7.8,0.0,,15.1,,0.0,0.0,,3.0,6.0,0.2,1.1,,,1.1,3.2,,,4.3,,,,0.0,,,,,,5.5,,6.4,0.7999999999999999,0.2,,,2.8999999999999995,,,0.0,5.2,0.0,,,,0.1,,,,0.0,,0.0,,0.0,0.5,0.0
2023-01-10,0.0,0.0,0.0,0.0,0.0,0.0,0.0,0.0,0.0,0.0,0.0,0.0,,,,0.0,0.0,,,,,0.0,,,,,0.0,0.0,,,,,,0.0,0.0,0.0,,0.1,,0.0,0.0,,0.0,0.0,0.0,0.1,,,0.0,0.0,,,0.0,,,,0.0,,,,,,0.0,,0.1,0.0,0.0,,,0.0,,,0.0,0.2,0.1,,,,0.0,,,,0.0,,0.0,,0.0,0.0,0.0
2023-01-11,0.0,0.0,0.0,0.0,0.0,0.0,0.0,0.0,0.0,0.0,0.0,0.0,,,,0.0,0.0,,,,,0.0,,,,,0.0,0.0,,,,,,0.0,0.0,0.0,,0.0,,0.0,0.0,,0.0,0.0,0.0,0.0,,,0.0,0.0,,,0.0,,,,0.0,,,,,,0.0,,0.0,0.0,0.0,,,0.0,,,0.0,0.0,0.0,,,,0.0,,,,0.0,,0.0,,0.0,0.0,0.0
2023-01-12,9.8,8.600000000000001,6.2,0.0,0.0,0.0,0.0,0.0,0.0,4.5,6.300000000000001,0.0,,,,0.0,1.6,,,,,9.7,,,,,0.0,14.1,,,,,,0.0,0.1,0.0,,0.0,,11.400000000000002,11.499999999999998,,0.9,0.0,8.0,0.0,,,0.0,5.3,,,0.0,,,,5.699999999999999,,,,,,0.0,,0.1,0.0,22.5,,,0.0,,,13.4,0.0,0.0,,,,11.599999999999998,,,,5.3,,10.800000000000002,,11.2,0.0,0.0
2023-01-13,10.9,5.7,1.9,0.0,0.0,0.0,0.0,0.0,0.0,0.9000000000000001,1.1,0.0,,,,0.0,0.0,,,,,3.7,,,,,0.0,3.1,,,,,,4.3,0.0,0.0,,0.0,,14.6,20.3,,1.5,0.0,3.7,0.0,,,0.0,1.2000000000000002,,,0.0,,,,2.8,,,,,,0.0,,0.0,0.0,9.5,,,0.0,,,32.0,0.0,0.0,,,,22.4,,,,4.3,,2.4,,15.8,0.0,0.0
2023-01-14,27.1,22.4,8.899999999999999,0.4,2.2,0.0,3.3000000000000003,0.3,0.0,5.000000000000001,10.7,0.0,,,,0.0,4.800000000000001,,,,,14.6,,,,,0.0,48.3,,,,,,44.0,0.2,0.2,,0.0,,26.90000000000001,29.700000000000003,,3.3999999999999995,2.4000000000000004,21.4,0.0,,,0.1,7.2,,,0.4,,,,6.3,,,,,,0.0,,0.2,0.3,27.6,,,0.0,,,43.6,0.3,0.0,,,,49.7,,,,8.6,,14.8,,37.0,0.0,0.3
2023-01-15,6.600000000000001,4.6,1.5,0.0,1.7,0.0,0.0,0.0,0.0,0.8,1.1,0.0,,,,0.0,0.7000000000000001,,,,,4.1,,,,,0.0,21.4,,,,,,,0.0,0.0,,0.3,,4.300000000000001,4.5,,11.3,0.1,4.1000000000000005,0.0,,,0.0,1.0,,,0.0,,,,2.8,,,,,,0.0,,0.1,0.0,2.3,,,0.0,,,8.8,0.0,0.0,,,,4.9,,,,2.5,,3.4000000000000004,,5.200000000000001,0.0,0.0
2023-01-16,3.9,0.0,0.0,0.0,0.0,0.0,0.4,0.0,0.0,0.0,0.0,0.0,,,,0.0,1.9,,,,,0.7000000000000001,,,,,0.0,0.0,,,,,,,0.0,0.0,,0.4,,1.5,4.5,,0.0,0.0,3.0,1.4,,,0.0,0.0,,,0.0,,,,0.0,,,,,,0.0,,0.0,0.0,0.1,,,0.0,,,1.5,0.0,0.1,,,,0.8,,,,0.0,,0.0,,1.2999999999999998,0.0,0.0
2023-01-17,1.5,2.1,0.0,0.0,0.9000000000000001,0.0,0.0,0.0,0.0,0.0,0.0,0.0,,,,0.0,0.0,,,,,0.2,,,,,0.0,0.0,,,,,,,0.0,0.0,,0.5,,0.3,2.1,,0.0,0.2,0.6,0.0,,,0.0,0.0,,,0.0,,,,0.0,,,,,,0.0,,0.0,0.0,0.2,,,0.0,,,0.0,0.0,0.0,,,,0.0,,,,0.0,,0.0,,0.0,0.0,0.0
2023-01-18,0.0,0.0,0.0,0.0,0.0,0.0,0.0,0.0,0.0,0.0,0.0,0.0,,,,0.0,0.0,,,,,0.0,,,,,0.0,0.0,,,,,,,0.0,0.0,,0.0,,0.0,0.0,,0.0,0.0,0.0,0.0,,,0.0,0.0,,,0.0,,,,0.0,,,,,,0.0,,0.0,0.0,0.0,,,0.0,,,0.0,0.0,0.0,,,,0.0,,,,0.0,,0.0,,0.0,0.0,0.0
2023-01-19,0.0,0.0,0.0,0.0,0.0,0.0,0.0,0.0,0.0,0.0,0.0,0.0,,,,0.0,0.0,,,,,0.0,,,,,0.0,0.0,,,,,,,0.0,0.0,,0.0,,0.0,0.0,,0.0,0.0,0.0,0.0,,,0.0,0.0,,,0.0,,,,0.0,,,,,,0.0,,0.0,0.0,0.0,,,0.0,,,0.0,0.0,0.0,,,,0.0,,,,0.0,,0.0,,0.0,0.0,0.0
2023-01-20,0.0,0.0,0.0,0.0,0.0,0.0,0.0,0.0,0.0,0.0,0.0,0.0,,,,0.0,0.0,,,,,0.0,,,,,0.0,0.0,,,,,,,0.0,0.0,,0.0,,0.0,0.0,,0.0,0.0,0.0,0.0,,,0.0,0.0,,,0.0,,,,0.0,,,,,,0.0,,0.0,0.0,0.0,,,0.0,,,0.0,0.0,0.0,,,,0.0,,,,0.0,,0.0,,0.0,0.0,0.0
2023-01-21,0.0,0.0,0.0,0.0,0.0,0.0,0.0,0.0,0.0,0.0,0.0,0.0,,,,0.0,0.0,,,,,0.0,,,,,0.0,0.0,,,,,,,0.0,0.0,,0.0,,0.0,0.0,,0.0,0.0,0.0,0.0,,,0.0,0.0,,,0.0,,,,0.0,,,,,,0.0,,0.0,0.0,0.0,,,0.0,,,0.0,0.0,0.0,,,,0.0,,,,0.0,,0.0,,0.0,0.0,0.0
2023-01-22,0.0,0.0,0.0,0.0,0.0,0.0,0.0,0.0,0.0,0.0,0.0,0.0,,,,0.0,0.0,,,,,0.0,,,,,0.0,0.0,,,,,,,0.0,0.0,,0.0,,0.0,0.0,,0.0,0.0,0.0,0.0,,,0.0,0.0,,,0.0,,,,0.0,,,,,,0.0,,0.0,0.0,0.0,,,0.0,,,0.0,0.0,0.0,,,,0.0,,,,0.0,,0.0,,0.0,0.0,0.0
2023-01-23,0.0,0.0,0.0,0.0,0.0,0.0,0.0,0.0,0.0,0.0,0.0,0.0,,,,0.0,0.0,,,,,0.0,,,,,0.0,0.0,,,,,,,0.0,0.0,,0.0,,0.0,0.0,,0.0,0.0,0.0,0.0,,,0.0,0.0,,,0.0,,,,0.0,,,,,,0.0,,0.0,0.0,0.0,,,0.0,,,0.0,0.0,0.0,,,,0.0,,,,0.0,,0.0,,0.0,0.0,0.0
2023-01-24,0.0,0.0,0.0,0.0,0.0,0.0,0.0,0.0,0.0,0.0,0.0,0.0,,,,0.0,0.0,,,,,0.0,,,,,0.0,0.0,,,,,,,0.0,0.0,,0.0,,0.0,0.0,,0.0,0.0,0.0,0.0,,,0.0,0.0,,,0.0,,,,0.0,,,,,,0.0,,0.0,0.0,0.0,,,0.0,,,0.0,0.0,0.0,,,,0.0,,,,0.0,,0.0,,0.0,0.0,0.0
2023-01-25,0.0,0.0,0.0,0.0,0.0,0.0,0.0,0.0,0.0,0.0,0.0,0.0,,,,0.0,0.0,,,,,0.0,,,,,0.0,0.0,,,,,,,0.0,0.0,,0.0,,0.0,0.0,,0.0,0.0,0.0,0.0,,,0.0,0.0,,,0.0,,,,0.0,,,,,,0.0,,0.0,0.0,0.0,,,0.0,,,0.0,0.0,0.0,,,,0.0,,,,0.0,,0.0,,0.0,0.0,0.0
2023-01-26,0.0,0.0,0.0,0.0,0.0,0.0,0.0,0.0,0.0,0.0,0.0,0.0,,,,0.0,0.0,,,,,0.0,,,,,0.0,0.0,,,,,,,0.0,0.0,,0.0,,0.0,0.0,,0.0,0.0,0.0,0.0,,,0.0,0.0,,,0.0,,,,0.0,,,,,,0.0,,0.0,0.0,0.0,,,0.0,,,0.0,0.0,0.0,,,,0.0,,,,0.0,,0.0,,0.0,0.0,0.0
2023-01-27,0.0,0.0,0.0,0.0,0.0,0.0,0.0,0.0,0.0,0.0,0.0,0.0,,,,0.0,0.0,,,,,0.0,,,,,0.0,0.0,,,,,,,0.0,0.0,,0.0,,0.0,0.0,,0.0,0.0,0.0,0.0,,,0.0,0.0,,,0.0,,,,0.0,,,,,,0.0,,0.0,0.0,0.0,,,0.0,,,0.0,0.0,0.0,,,,0.0,,,,0.0,,0.0,,0.0,0.0,0.0
2023-01-28,0.0,0.0,0.0,0.0,0.0,0.0,0.0,0.0,0.0,0.0,0.0,0.0,,,,0.0,0.0,,,,,0.0,,,,,0.0,0.0,,,,,,,0.0,0.0,,0.0,,0.0,0.0,,0.0,0.0,0.0,0.0,,,0.0,0.0,,,0.0,,,,0.0,,,,,,0.0,,0.0,0.0,0.0,,,0.0,,,0.0,0.0,0.0,,,,0.0,,,,0.0,,0.0,,0.0,0.0,0.0
2023-01-29,0.3,0.0,0.0,0.0,0.0,0.0,0.0,0.0,0.0,0.0,0.0,0.0,,,,0.0,0.0,,,,,0.0,,,,,0.0,0.0,,,,,,,0.0,0.0,,0.0,,0.0,0.0,,0.0,0.0,0.0,0.0,,,0.0,0.1,,,0.0,,,,0.0,,,,,,0.0,,0.0,0.0,0.0,,,0.0,,,0.0,0.0,0.0,,,,0.0,,,,0.0,,0.0,,0.0,0.0,0.0
2023-01-30,6.8,2.3999999999999995,11.4,0.0,1.8,0.0,0.4,0.0,0.0,2.9,5.6,0.0,,,,0.0,0.4,,,,,8.2,,,,,0.0,0.0,,,,,,,0.7,0.0,,2.7,,5.6,3.2,,0.1,2.0,9.1,0.0,,,1.4,5.7,,,2.4000000000000004,,,,0.1,,,,,,0.0,,1.9,0.0,2.6,,,0.0,,,9.8,3.2,0.0,,,,6.1000000000000005,,,,0.9,,4.4,,1.0,0.0,2.6000000000000005
2023-01-31,24.0,35.099999999999994,26.0,4.9,46.7,0.0,27.6,15.2,0.0,43.3,25.8,0.0,,,,1.3,29.8,,,,,30.2,,,,,4.800000000000001,38.7,,,,,,,57.39999999999999,11.2,,38.8,,16.6,21.2,,26.2,41.3,35.900000000000006,0.0,,,32.6,33.800000000000004,,,10.7,,,,27.2,,,,,,60.8,,32.0,0.3,27.200000000000003,,,0.0,,,11.9,31.9,0.0,,,,20.8,,,,36.8,,33.300000000000004,,28.2,0.0,36.1
2023-03-01,0.0,,0.0,,,,0.0,0.0,0.0,0.0,,,0.0,0.0,0.0,,,,0.0,,,0.0,,,,0.0,0.0,,,0.0,0.0,,,,,0.0,0.0,,,,,,0.0,0.0,,,,0.0,,,,0.0,,0.0,0.0,,0.0,0.0,,,,,0.0,,,,0.0,,,,0.0,,,,,0.0,,,0.0,0.0,0.0,0.0,,0.0,,,,,
2023-03-02,0.0,,0.0,,,,0.0,0.0,0.0,0.0,,,0.0,0.0,0.0,,,,0.0,,,0.0,,,,0.0,0.0,,,0.0,0.0,,,,,0.0,0.0,,,,,,0.0,0.0,,,,0.0,,,,0.0,,0.0,0.0,,0.0,0.0,,,,,0.0,,,,0.0,,,,0.0,,,,,0.0,,,0.0,0.0,0.0,0.0,,0.0,,,,,
2023-03-03,0.0,,0.0,,,,0.0,0.0,0.0,0.0,,,0.0,0.0,0.0,,,,0.0,,,0.0,,,,0.0,0.0,,,0.0,0.0,,,,,0.0,0.0,,,,,,0.0,0.0,,,,0.0,,,,0.0,,0.0,0.0,,0.0,0.0,,,,,0.0,,,,0.0,,,,0.0,,,,,0.0,,,0.0,0.0,0.0,0.0,,0.0,,,,,
2023-03-04,0.0,,0.0,,,,0.0,0.0,0.0,0.0,,,0.0,0.0,0.0,,,,0.0,,,0.0,,,,0.0,0.0,,,0.0,0.0,,,,,0.0,0.0,,,,,,0.0,0.0,,,,0.0,,,,0.0,,0.0,0.0,,0.0,0.0,,,,,0.0,,,,0.0,,,,0.0,,,,,0.0,,,0.0,0.0,0.0,0.0,,0.0,,,,,
2023-03-05,0.0,,0.0,,,,0.0,0.0,0.0,0.0,,,0.0,0.0,0.0,,,,0.0,,,0.0,,,,0.0,0.0,,,0.0,0.0,,,,,0.0,0.0,,,,,,0.0,0.0,,,,0.0,,,,0.0,,0.0,0.0,,0.0,0.0,,,,,0.0,,,,0.0,,,,0.0,,,,,0.0,,,0.0,0.0,0.0,0.0,,0.0,,,,,
2023-03-06,0.0,,0.0,,,,0.0,0.0,0.0,0.0,,,0.0,0.0,0.0,,,,0.0,,,0.0,,,,1.7000000000000002,0.0,,,0.0,0.0,,,,,0.0,0.0,,,,,,0.0,0.0,,,,0.0,,,,0.0,,0.0,0.0,,0.3,0.0,,,,,0.0,,,,0.0,,,,0.0,,,,,0.0,,,0.0,0.2,0.0,0.0,,0.0,,,,,
2023-03-07,0.0,,0.0,,,,0.0,0.0,0.0,0.0,,,0.0,0.0,0.0,,,,0.0,,,0.0,,,,1.5000000000000002,0.0,,,0.0,0.0,,,,,0.0,0.1,,,,,,0.3,0.0,,,,0.0,,,,0.0,,0.0,0.0,,0.0,0.0,,,,,0.0,,,,0.0,,,,0.0,,,,,0.0,,,0.1,0.2,0.0,0.0,,0.0,,,,,
2023-03-08,0.2,,0.0,,,,0.1,0.0,0.0,10.3,,,0.0,0.0,0.0,,,,0.0,,,0.0,,,,0.0,0.0,,,0.0,0.0,,,,,0.0,2.8000000000000003,,,,,,0.0,0.0,,,,0.0,,,,0.0,,0.0,0.0,,0.0,0.0,,,,,0.0,,,,0.0,,,,0.0,,,,,0.0,,,0.0,0.0,0.0,0.0,,0.0,,,,,
2023-03-09,0.0,,0.0,,,,0.4,0.0,0.0,0.0,,,0.0,0.0,0.0,,,,0.0,,,0.0,,,,0.0,0.0,,,0.0,0.0,,,,,0.0,0.0,,,,,,0.0,0.0,,,,0.0,,,,0.0,,0.0,0.0,,0.0,0.0,,,,,0.8,,,,0.0,,,,2.2,,,,,0.0,,,0.0,0.0,0.0,0.0,,0.0,,,,,
2023-03-10,0.0,,0.0,,,,0.0,0.0,0.0,0.0,,,0.0,0.0,0.0,,,,0.0,,,0.0,,,,0.0,0.0,,,0.0,0.0,,,,,0.0,0.0,,,,,,0.0,0.0,,,,0.0,,,,0.0,,0.0,0.0,,0.0,0.0,,,,,0.0,,,,0.0,,,,0.0,,,,,0.0,,,0.0,0.0,0.0,0.0,,0.0,,,,,
2023-03-11,0.0,,0.0,,,,0.0,0.0,0.0,0.0,,,0.0,0.0,0.0,,,,0.0,,,0.0,,,,0.0,0.0,,,0.0,0.0,,,,,0.0,0.0,,,,,,0.0,0.0,,,,0.0,,,,0.0,,0.0,0.0,,0.0,0.0,,,,,0.0,,,,0.0,,,,0.0,,,,,0.0,,,0.0,0.0,0.0,0.0,,0.0,,,,,
2023-03-12,0.0,,0.0,,,,0.0,0.0,0.0,0.0,,,0.0,0.0,0.0,,,,0.0,,,0.0,,,,0.0,0.0,,,0.0,0.0,,,,,0.0,0.0,,,,,,0.0,0.0,,,,0.0,,,,0.0,,0.0,0.0,,0.0,0.0,,,,,0.0,,,,0.0,,,,0.0,,,,,0.0,,,0.0,0.0,0.0,0.0,,0.0,,,,,
2023-03-13,2.3000000000000003,,0.1,,,,0.4,4.199999999999999,0.0,0.2,,,0.0,0.0,0.0,,,,0.0,,,0.3,,,,1.7000000000000002,0.0,,,1.8,0.5,,,,,0.0,1.7,,,,,,1.0,0.0,,,,0.0,,,,0.4,,0.0,0.0,,0.0,1.2999999999999998,,,,,1.7000000000000002,,,,2.7,,,,0.1,,,,,0.1,,,0.1,0.7,0.8,0.1,,0.0,,,,,
2023-03-14,10.5,,24.6,,,,12.7,18.2,8.5,25.2,,,26.4,0.0,33.8,,,,8.200000000000001,,,23.5,,,,12.1,10.2,,,6.0,17.200000000000003,,,,,20.1,7.1,,,,,,11.9,30.9,,,,25.3,,,,27.6,,0.0,21.1,,22.7,37.2,,,,,12.4,,,,13.2,,,,19.200000000000003,,,,,24.4,,,7.5,25.7,11.5,19.9,,13.2,,,,,
2023-03-15,16.3,,6.800000000000001,,,,4.6,23.200000000000003,0.0,5.6000000000000005,,,0.6000000000000001,0.0,10.6,,,,0.5,,,6.5,,,,9.9,0.0,,,10.6,6.7,,,,,1.3,1.1,,,,,,9.2,8.5,,,,5.9,,,,6.6,,0.0,1.7,,14.5,10.2,,,,,36.400000000000006,,,,5.1000000000000005,,,,7.300000000000001,,,,,1.4,,,0.8999999999999999,6.199999999999999,25.5,4.1,,0.0,,,,,
2023-03-16,0.0,,0.0,,,,0.0,0.0,0.0,0.0,,,0.0,0.0,0.0,,,,0.0,,,0.0,,,,0.0,0.0,,,0.0,0.0,,,,,0.0,0.0,,,,,,0.0,0.0,,,,0.0,,,,0.0,,0.0,0.0,,0.0,0.0,,,,,0.0,,,,0.0,,,,0.0,,,,,0.0,,,0.0,0.0,0.0,0.0,,0.0,,,,,
2023-03-17,0.0,,0.0,,,,0.0,0.0,0.0,0.0,,,0.0,0.0,0.0,,,,0.0,,,0.0,,,,0.0,0.0,,,0.0,0.0,,,,,0.0,0.0,,,,,,0.0,0.0,,,,0.0,,,,0.0,,0.0,0.0,,0.0,0.0,,,,,0.0,,,,0.0,,,,0.0,,,,,0.0,,,0.0,0.0,0.0,0.0,,0.0,,,,,
2023-03-18,0.7000000000000001,,4.9,,,,0.0,0.0,0.0,3.5,,,0.0,0.0,0.2,,,,0.1,,,3.8,,,,2.3000000000000003,0.0,,,0.3,7.1,,,,,0.0,0.0,,,,,,0.0,6.9,,,,0.1,,,,0.6000000000000001,,0.0,0.1,,3.9,5.5,,,,,0.0,,,,7.0,,,,0.4,,,,,2.3,,,2.9,3.0,0.0,3.7,,0.0,,,,,
2023-03-19,18.3,,26.300000000000004,,,,8.5,8.7,0.0,36.8,,,3.0,0.0,23.0,,,,2.9,,,25.2,,,,31.9,0.0,,,10.7,26.9,,,,,6.1,6.1,,,,,,12.8,26.599999999999994,,,,25.0,,,,26.5,,0.0,11.1,,19.0,34.8,,,,,14.8,,,,12.5,,,,23.7,,,,,7.1000000000000005,,,15.9,21.0,12.8,19.6,,0.0,,,,,
2023-03-20,18.4,,16.6,,,,3.8,18.3,13.6,24.200000000000003,,,29.200000000000003,0.0,29.200000000000003,,,,4.5,,,19.7,,,,25.4,5.0,,,5.3,26.200000000000003,,,,,10.1,10.7,,,,,,15.7,15.6,,,,24.9,,,,17.5,,0.0,16.200000000000003,,5.4,7.5,,,,,17.6,,,,6.1,,,,35.400000000000006,,,,,2.5,,,2.2,13.1,14.2,6.300000000000001,,0.0,,,,,
2023-03-21,0.1,,0.0,,,,0.0,0.0,1.7000000000000002,0.0,,,0.0,0.0,0.0,,,,0.0,,,0.0,,,,2.5,0.0,,,0.0,0.0,,,,,0.0,0.0,,,,,,0.0,0.0,,,,0.0,,,,0.2,,0.0,0.0,,0.0,0.0,,,,,0.0,,,,0.0,,,,0.0,,,,,0.0,,,0.1,0.0,0.0,0.1,,0.0,,,,,
2023-03-22,0.0,,0.0,,,,0.0,0.0,0.0,0.0,,,0.0,0.0,0.0,,,,0.0,,,0.0,,,,0.0,0.0,,,0.0,0.0,,,,,0.0,0.0,,,,,,0.0,0.0,,,,0.0,,,,0.0,,0.0,0.0,,0.0,0.0,,,,,0.0,,,,0.0,,,,0.0,,,,,0.0,,,0.0,0.0,0.0,0.0,,0.0,,,,,
2023-03-23,0.0,,0.0,,,,0.0,0.0,0.0,0.0,,,0.0,0.0,0.0,,,,0.0,,,0.0,,,,0.1,0.0,,,0.0,0.0,,,,,0.0,0.0,,,,,,0.0,0.0,,,,0.0,,,,0.0,,0.0,0.0,,0.0,0.2,,,,,0.0,,,,0.0,,,,0.0,,,,,0.0,,,0.0,0.0,0.0,0.0,,0.0,,,,,
2023-03-24,0.0,,0.0,,,,0.0,0.0,0.0,0.0,,,0.0,0.0,0.0,,,,0.0,,,0.0,,,,0.0,0.0,,,0.0,0.0,,,,,0.0,0.0,,,,,,0.0,0.0,,,,0.0,,,,0.0,,0.0,0.0,,0.0,0.0,,,,,0.0,,,,0.0,,,,0.0,,,,,0.0,,,0.0,0.0,0.0,0.0,,0.0,,,,,
2023-03-25,2.8000000000000003,,1.3000000000000005,,,,0.0,0.2,0.0,2.3000000000000007,,,0.6000000000000001,0.0,36.4,,,,0.6,,,1.2999999999999998,,,,1.9,6.199999999999999,,,0.3,1.5,,,,,1.5,1.2999999999999998,,,,,,0.0,0.6000000000000001,,,,12.1,,,,0.9,,0.0,4.5,,0.7000000000000001,12.3,,,,,0.0,,,,0.9,,,,0.0,,,,,0.4,,,1.7000000000000002,1.1,0.1,1.0000000000000002,,1.3,,,,,
2023-03-26,0.0,,0.0,,,,0.0,0.0,5.3,0.0,,,0.4,0.0,0.0,,,,0.0,,,0.0,,,,0.0,0.0,,,0.0,0.0,,,,,0.0,0.0,,,,,,0.0,0.3,,,,0.5,,,,0.0,,0.0,0.0,,0.0,0.0,,,,,0.0,,,,0.0,,,,0.0,,,,,0.0,,,0.0,0.0,0.0,0.0,,0.0,,,,,
2023-03-27,0.0,,0.0,,,,0.0,0.0,0.0,0.0,,,0.0,0.0,0.0,,,,0.0,,,0.0,,,,0.0,0.0,,,0.0,0.0,,,,,0.0,0.0,,,,,,0.0,0.0,,,,0.0,,,,0.0,,0.0,0.0,,0.0,0.0,,,,,0.0,,,,0.0,,,,0.0,,,,,0.0,,,0.0,0.0,0.0,0.0,,0.0,,,,,
2023-03-28,0.0,,0.0,,,,0.0,0.0,0.0,0.0,,,0.0,0.0,0.0,,,,0.0,,,0.0,,,,0.0,0.0,,,0.0,0.0,,,,,0.0,0.0,,,,,,0.0,0.0,,,,0.0,,,,0.0,,0.0,0.0,,0.0,0.0,,,,,0.0,,,,0.0,,,,0.0,,,,,0.0,,,0.0,0.0,0.0,0.0,,0.0,,,,,
2023-03-29,0.0,,0.0,,,,0.0,0.0,0.0,0.0,,,0.0,0.0,0.0,,,,0.0,,,0.0,,,,0.1,0.0,,,0.0,0.0,,,,,0.0,0.0,,,,,,0.0,0.0,,,,0.0,,,,0.0,,0.0,0.0,,0.0,0.1,,,,,0.0,,,,0.0,,,,0.0,,,,,0.0,,,0.0,0.0,0.0,0.0,,0.0,,,,,
2023-03-30,0.1,,0.0,,,,1.1,0.0,0.0,0.1,,,0.0,0.0,3.7,,,,0.0,,,0.4,,,,1.0,0.0,,,0.7999999999999999,0.6000000000000001,,,,,0.0,1.5000000000000002,,,,,,0.3,4.5,,,,4.9,,,,0.0,,0.0,3.8,,0.1,2.2,,,,,1.0,,,,3.3,,,,2.0,,,,,0.0,,,0.0,0.7,1.0,0.5,,0.0,,,,,
2023-03-31,0.0,,0.1,,,,0.0,0.0,0.0,0.0,,,0.0,0.0,0.0,,,,0.0,,,0.0,,,,0.1,0.0,,,0.0,0.0,,,,,0.0,0.2,,,,,,0.0,0.0,,,,0.0,,,,0.0,,0.0,0.0,,0.0,0.0,,,,,0.0,,,,0.9,,,,0.0,,,,,0.0,,,0.0,0.8,0.0,0.0,,0.0,,,,,
2023-06-01,0.0,,,,0.0,0.0,0.0,,,,0.0,,,,0.0,,,0.0,0.0,,,0.0,,,0.0,0.0,,,0.0,,,,,,0.0,,0.0,,,,0.0,0.0,0.0,,,,,,0.0,,0.0,0.0,,,,0.0,,,,0.0,0.0,,,,0.0,0.0,,,,0.0,,,,0.0,,,0.0,0.0,0.0,,,,0.0,,,,0.0,,
2023-06-02,0.0,,,,0.0,0.0,0.0,,,,0.0,,,,0.0,,,0.0,0.0,,,0.0,,,0.0,0.0,,,0.0,,,,,,0.0,,0.0,,,,0.0,0.0,0.0,,,,,,0.0,,0.0,0.0,,,,0.0,,,,0.0,0.0,,,,0.0,0.0,,,,0.0,,,,0.0,,,0.0,0.0,0.0,,,,0.0,,,,0.0,,
2023-06-03,0.2,,,,0.0,0.0,0.0,,,,1.1,,,,0.0,,,0.0,0.0,,,1.4,,,0.0,0.0,,,0.0,,,,,,0.0,,1.5,,,,0.0,0.0,0.0,,,,,,0.0,,0.0,0.0,,,,0.0,,,,0.0,0.0,,,,0.0,0.0,,,,0.0,,,,0.0,,,0.0,0.0,0.0,,,,0.2,,,,0.1,,
2023-06-04,0.0,,,,0.0,0.0,0.0,,,,0.0,,,,0.0,,,0.0,0.0,,,0.0,,,0.0,0.0,,,0.0,,,,,,0.0,,0.0,,,,0.0,0.0,0.0,,,,,,0.0,,0.0,0.0,,,,0.0,,,,0.0,0.0,,,,0.0,0.0,,,,0.0,,,,0.0,,,0.0,0.0,0.0,,,,0.0,,,,0.0,,
2023-06-05,0.0,,,,0.0,0.0,0.0,,,,0.0,,,,0.0,,,0.0,0.0,,,0.0,,,0.0,0.0,,,0.0,,,,,,0.0,,0.0,,,,0.0,0.0,0.0,,,,,,0.0,,0.0,0.0,,,,0.0,,,,0.0,0.0,,,,0.0,0.0,,,,0.0,,,,0.0,,,0.0,0.0,0.0,,,,0.0,,,,0.0,,
2023-06-06,0.0,,,,0.0,0.0,0.0,,,,0.0,,,,0.0,,,0.0,0.0,,,0.0,,,0.0,0.0,,,0.0,,,,,,0.0,,0.0,,,,0.0,0.0,0.0,,,,,,0.0,,0.0,0.0,,,,0.0,,,,0.0,0.0,,,,0.0,0.0,,,,0.0,,,,0.0,,,0.0,0.0,0.0,,,,0.0,,,,0.0,,
2023-06-07,0.0,,,,0.0,0.0,0.0,,,,0.0,,,,0.0,,,0.0,0.0,,,0.0,,,0.0,0.0,,,0.0,,,,,,0.0,,0.0,,,,0.0,0.0,0.0,,,,,,0.0,,0.0,0.0,,,,0.0,,,,0.0,0.0,,,,0.0,0.0,,,,0.0,,,,0.0,,,0.0,0.0,0.0,,,,0.0,,,,0.0,,
2023-06-08,0.0,,,,0.0,0.0,0.0,,,,0.0,,,,0.0,,,0.0,0.0,,,0.0,,,0.0,0.0,,,0.0,,,,,,0.0,,0.0,,,,0.0,0.0,0.0,,,,,,0.0,,0.0,0.0,,,,0.0,,,,0.0,0.0,,,,0.0,0.0,,,,0.0,,,,0.0,,,0.0,0.0,0.0,,,,0.0,,,,0.0,,
2023-06-09,0.2,,,,1.8,0.3,2.2,,,,1.2000000000000002,,,,1.5,,,0.0,0.0,,,0.3,,,0.3,1.0,,,0.0,,,,,,0.4,,0.0,,,,0.4,0.0,0.5,,,,,,0.0,,0.0,0.6,,,,0.0,,,,1.7000000000000002,3.2,,,,0.5,0.1,,,,0.0,,,,0.2,,,0.2,0.5,0.6,,,,2.0,,,,2.9000000000000004,,
2023-06-10,0.0,,,,0.0,0.0,0.0,,,,0.0,,,,0.0,,,0.0,0.0,,,0.0,,,0.0,0.0,,,0.0,,,,,,0.0,,0.0,,,,0.0,0.0,0.0,,,,,,0.0,,0.0,0.0,,,,0.0,,,,0.0,0.0,,,,0.0,0.0,,,,0.0,,,,0.0,,,0.0,0.0,0.0,,,,0.0,,,,0.0,,
2023-06-11,0.0,,,,0.0,0.0,0.0,,,,0.0,,,,0.0,,,0.0,0.0,,,0.0,,,0.0,0.0,,,0.0,,,,,,0.0,,0.0,,,,0.0,0.0,0.0,,,,,,0.0,,0.0,0.0,,,,0.0,,,,0.0,0.0,,,,0.0,0.0,,,,0.0,,,,0.0,,,0.0,0.0,0.0,,,,0.0,,,,0.0,,
2023-06-12,0.0,,,,0.0,0.0,0.0,,,,0.0,,,,0.0,,,0.0,0.0,,,0.0,,,0.0,0.0,,,0.0,,,,,,0.0,,0.0,,,,0.0,0.0,0.0,,,,,,0.0,,0.0,0.0,,,,0.0,,,,0.0,0.0,,,,0.0,0.0,,,,0.0,,,,0.0,,,0.0,0.0,0.0,,,,0.0,,,,0.0,,
2023-06-13,0.0,,,,1.3,1.4,0.8,,,,0.0,,,,1.6,,,0.0,0.0,,,0.0,,,0.0,0.0,,,0.0,,,,,,1.3,,0.2,,,,0.0,0.0,0.4,,,,,,0.0,,0.0,0.0,,,,0.0,,,,1.2000000000000002,0.0,,,,1.6,1.1,,,,0.0,,,,1.3,,,0.0,0.7000000000000001,0.0,,,,0.0,,,,0.0,,
2023-06-14,0.0,,,,0.0,0.0,0.0,,,,0.0,,,,0.0,,,0.0,0.0,,,0.0,,,0.0,0.0,,,0.0,,,,,,0.0,,0.0,,,,0.0,0.0,0.0,,,,,,0.0,,0.0,0.0,,,,0.0,,,,0.0,0.0,,,,0.0,0.0,,,,0.0,,,,0.0,,,0.0,0.0,0.0,,,,0.0,,,,0.0,,
2023-06-15,0.0,,,,0.0,0.0,0.0,,,,0.0,,,,0.0,,,0.0,0.0,,,0.0,,,0.0,0.0,,,0.0,,,,,,0.0,,0.0,,,,0.0,0.0,0.0,,,,,,0.0,,0.0,0.0,,,,0.0,,,,0.0,0.0,,,,0.0,0.0,,,,0.0,,,,0.0,,,0.0,0.0,0.0,,,,0.0,,,,0.0,,
2023-06-16,0.0,,,,0.0,0.0,0.0,,,,0.0,,,,0.0,,,0.0,0.0,,,0.0,,,0.0,0.0,,,0.0,,,,,,0.0,,0.0,,,,0.0,0.0,0.0,,,,,,0.0,,0.0,0.0,,,,0.0,,,,0.0,0.0,,,,0.0,0.0,,,,0.0,,,,0.0,,,0.0,0.0,0.0,,,,0.0,,,,0.0,,
2023-06-17,0.0,,,,0.0,0.0,0.0,,,,0.0,,,,0.0,,,0.0,0.0,,,0.0,,,0.0,0.0,,,0.0,,,,,,0.0,,0.0,,,,0.0,0.0,0.0,,,,,,0.0,,0.0,0.0,,,,0.0,,,,0.0,0.0,,,,0.0,0.0,,,,0.0,,,,0.0,,,0.0,0.0,0.0,,,,0.0,,,,0.0,,
2023-06-18,0.0,,,,0.0,0.0,0.0,,,,0.0,,,,0.0,,,0.0,0.0,,,0.0,,,0.0,0.0,,,0.0,,,,,,0.0,,0.0,,,,0.0,0.0,0.0,,,,,,0.0,,0.0,0.0,,,,0.0,,,,0.0,0.0,,,,0.0,0.0,,,,0.0,,,,0.0,,,0.0,0.0,0.0,,,,0.0,,,,0.0,,
2023-06-19,0.0,,,,0.0,0.0,0.0,,,,0.0,,,,0.0,,,0.0,0.0,,,0.0,,,0.0,0.2,,,0.0,,,,,,0.0,,0.0,,,,0.0,0.0,0.0,,,,,,0.0,,0.0,0.0,,,,0.0,,,,0.0,0.0,,,,0.0,0.0,,,,0.0,,,,0.0,,,0.0,0.0,0.0,,,,0.0,,,,0.0,,
2023-06-20,0.0,,,,0.0,0.0,0.1,,,,0.0,,,,0.0,,,0.0,0.0,,,0.0,,,0.0,0.0,,,0.0,,,,,,0.0,,0.7,,,,0.0,0.0,0.0,,,,,,0.0,,0.0,0.0,,,,0.0,,,,0.0,0.0,,,,0.0,0.0,,,,0.0,,,,0.0,,,0.0,0.0,0.0,,,,0.0,,,,0.0,,
2023-06-21,0.0,,,,0.0,0.0,0.0,,,,0.0,,,,0.0,,,0.0,0.0,,,0.0,,,0.0,0.0,,,0.0,,,,,,0.0,,0.0,,,,0.0,0.0,0.0,,,,,,0.0,,0.0,0.0,,,,0.0,,,,0.0,0.0,,,,0.0,0.0,,,,0.0,,,,0.0,,,0.0,0.0,0.0,,,,0.0,,,,0.0,,
2023-06-22,0.0,,,,0.0,0.0,0.0,,,,0.0,,,,0.0,,,0.0,0.0,,,0.0,,,0.0,0.0,,,0.0,,,,,,0.0,,0.0,,,,0.0,0.0,0.0,,,,,,0.0,,0.0,0.0,,,,0.0,,,,0.0,0.0,,,,0.0,0.0,,,,0.0,,,,0.0,,,0.0,0.0,0.0,,,,0.0,,,,0.0,,
2023-06-23,0.0,,,,0.0,0.0,0.0,,,,0.0,,,,0.0,,,0.0,0.0,,,0.0,,,0.0,0.0,,,0.0,,,,,,0.0,,0.0,,,,0.0,0.0,0.0,,,,,,0.0,,0.0,0.0,,,,0.0,,,,0.0,0.0,,,,0.0,0.0,,,,0.0,,,,0.0,,,0.0,0.0,0.0,,,,0.0,,,,0.0,,
2023-06-24,0.0,,,,0.0,0.0,0.0,,,,0.0,,,,0.0,,,0.0,0.0,,,0.0,,,0.0,0.0,,,0.0,,,,,,0.0,,0.0,,,,0.0,0.0,0.0,,,,,,0.0,,0.0,0.0,,,,0.0,,,,0.0,0.0,,,,0.0,0.0,,,,0.0,,,,0.0,,,0.0,0.0,0.0,,,,0.0,,,,0.0,,
2023-06-25,0.0,,,,0.0,0.0,0.0,,,,0.0,,,,0.0,,,0.0,0.0,,,0.0,,,0.0,0.0,,,0.0,,,,,,0.0,,0.0,,,,0.0,0.0,0.0,,,,,,0.0,,0.0,0.0,,,,0.0,,,,0.0,0.0,,,,0.0,0.0,,,,0.0,,,,0.0,,,0.0,0.0,0.0,,,,0.0,,,,0.0,,
2023-06-26,0.0,,,,0.0,0.0,0.0,,,,0.0,,,,0.0,,,0.0,0.0,,,0.0,,,0.0,0.0,,,0.0,,,,,,0.0,,0.0,,,,0.0,0.0,0.0,,,,,,0.0,,0.0,0.0,,,,0.0,,,,0.0,0.0,,,,0.0,0.0,,,,0.0,,,,0.0,,,0.0,0.0,0.0,,,,0.0,,,,0.0,,
2023-06-27,0.0,,,,0.0,0.0,0.0,,,,0.0,,,,0.0,,,0.0,0.0,,,0.0,,,0.0,0.0,,,0.0,,,,,,0.0,,0.0,,,,0.0,0.0,0.0,,,,,,0.0,,0.0,0.0,,,,0.0,,,,0.0,0.0,,,,0.0,0.0,,,,0.0,,,,0.0,,,0.0,0.0,0.0,,,,0.0,,,,0.0,,
2023-06-28,0.0,,,,0.0,0.0,0.0,,,,0.0,,,,0.0,,,0.0,0.0,,,0.0,,,0.0,0.0,,,0.0,,,,,,0.0,,0.0,,,,0.0,0.0,0.0,,,,,,0.0,,0.0,0.0,,,,0.0,,,,0.0,0.0,,,,0.0,0.0,,,,0.0,,,,0.0,,,0.0,0.0,0.0,,,,0.0,,,,0.0,,
2023-06-29,0.0,,,,0.0,0.0,0.0,,,,0.0,,,,0.0,,,0.0,0.0,,,0.0,,,0.0,0.0,,,0.0,,,,,,0.0,,0.0,,,,0.0,0.0,0.0,,,,,,0.0,,0.0,0.0,,,,0.0,,,,0.0,0.0,,,,0.0,0.0,,,,0.0,,,,0.0,,,0.0,0.0,0.0,,,,0.0,,,,0.0,,
2023-06-30,0.0,,,,0.0,0.0,0.0,,,,0.0,,,,0.0,,,0.0,0.0,,,0.0,,,0.0,0.0,,,0.0,,,,,,0.0,,0.0,,,,0.0,0.0,0.0,,,,,,0.0,,0.0,0.0,,,,0.0,,,,0.0,0.0,,,,0.0,0.0,,,,0.0,,,,0.0,,,0.0,0.0,0.0,,,,0.0,,,,0.0,,
2024-01-01,,,0.0,0.0,,,,,,0.0,0.0,,,,,0.0,0.0,0.0,0.0,,,,,,0.0,0.0,,0.0,0.0,0.0,,,0.0,0.0,,0.0,,,,,0.0,,,,0.0,0.0,,,,,,0.0,0.0,,,,0.0,,0.0,,,,,0.0,,,,,0.0,,0.0,0.0,,,,,,0.0,,,,0.0,,,,0.0,0.0,,0.0
2024-01-02,,,0.0,0.6,,,,,,0.0,0.5,,,,,0.9000000000000001,3.2,0.0,0.0,,,,,,0.0,0.0,,0.4,0.0,0.0,,,0.0,0.0,,0.0,,,,,0.0,,,,0.0,0.0,,,,,,0.0,2.7,,,,0.0,,0.1,,,,,0.0,,,,,2.4,,0.0,6.8,,,,,,2.1,,,,0.0,,,,0.0,0.0,,1.7999999999999998
2024-01-03,,,2.4,0.2,,,,,,0.8,1.1,,,,,0.1,0.7999999999999999,0.0,0.0,,,,,,0.0,3.6,,2.8000000000000003,5.5,0.6000000000000001,,,2.3,2.8000000000000003,,0.1,,,,,6.7,,,,1.4,0.0,,,,,,0.3,0.1,,,,0.9,,0.0,,,,,0.0,,,,,0.0,,5.2,0.1,,,,,,0.1,,,,2.3000000000000003,,,,0.7999999999999999,2.7,,0.2
2024-01-04,,,0.0,0.0,,,,,,0.0,0.1,,,,,0.1,0.0,0.0,0.0,,,,,,0.0,0.5,,0.1,0.1,0.0,,,0.1,0.0,,0.0,,,,,1.2,,,,0.3,0.0,,,,,,0.0,0.0,,,,0.0,,0.0,,,,,0.0,,,,,0.1,,0.1,0.0,,,,,,0.0,,,,0.1,,,,0.0,0.0,,0.0
2024-01-05,,,3.0,0.0,,,,,,0.4,0.4,,,,,0.0,0.0,0.0,0.0,,,,,,0.0,2.3000000000000003,,3.0,0.8,2.7,,,1.4,1.7000000000000002,,0.0,,,,,1.6,,,,5.2,0.0,,,,,,0.9,0.0,,,,0.1,,0.0,,,,,0.0,,,,,0.9,,0.3,0.9,,,,,,0.0,,,,0.1,,,,0.1,1.7999999999999998,,0.2
2024-01-06,,,0.0,0.0,,,,,,0.0,0.1,,,,,0.0,0.0,0.0,0.0,,,,,,0.0,0.1,,0.1,0.0,0.0,,,0.0,0.0,,0.0,,,,,0.0,,,,0.2,0.0,,,,,,0.0,0.0,,,,0.1,,0.0,,,,,0.0,,,,,0.0,,0.0,0.0,,,,,,0.0,,,,0.0,,,,0.0,0.0,,0.1
2024-01-07,,,0.0,0.0,,,,,,0.0,0.0,,,,,0.0,0.0,0.0,0.0,,,,,,0.0,0.0,,0.0,0.0,0.0,,,0.0,0.0,,0.0,,,,,0.0,,,,0.0,0.0,,,,,,0.0,0.0,,,,0.0,,0.0,,,,,0.0,,,,,0.1,,0.0,0.0,,,,,,0.0,,,,0.0,,,,0.0,0.0,,0.0
2024-01-08,,,0.0,0.0,,,,,,0.0,0.0,,,,,0.0,0.0,0.0,0.0,,,,,,0.0,0.0,,0.0,0.0,0.0,,,0.0,0.0,,0.0,,,,,0.0,,,,0.0,0.0,,,,,,0.0,0.0,,,,0.0,,0.0,,,,,0.0,,,,,0.0,,0.0,0.0,,,,,,0.0,,,,0.0,,,,0.0,0.0,,0.0
2024-01-09,,,0.0,0.0,,,,,,0.0,0.0,,,,,0.0,0.0,0.0,0.0,,,,,,0.0,0.1,,0.0,0.0,0.0,,,0.0,0.0,,0.0,,,,,0.0,,,,0.0,0.0,,,,,,0.0,0.0,,,,0.0,,0.0,,,,,0.0,,,,,0.0,,0.0,0.0,,,,,,0.0,,,,0.0,,,,0.0,0.0,,0.0
2024-01-10,,,4.0,0.0,,,,,,2.1,1.2000000000000002,,,,,0.0,5.9,0.0,0.1,,,,,,0.0,8.3,,11.5,11.6,14.1,,,12.7,2.2,,0.0,,,,,10.8,,,,4.800000000000001,0.0,,,,,,2.4,0.6000000000000001,,,,4.800000000000001,,0.0,,,,,0.0,,,,,9.499999999999998,,7.1000000000000005,9.9,,,,,,0.2,,,,4.4,,,,3.8,12.8,,5.0
2024-01-11,,,17.599999999999998,2.9,,,,,,12.5,7.1,,,,,0.0,13.8,0.0,1.8000000000000005,,,,,,0.0,35.1,,11.2,24.1,4.5,,,16.8,9.7,,3.3,,,,,15.4,,,,26.3,0.0,,,,,,12.900000000000002,16.400000000000002,,,,7.400000000000001,,1.3000000000000005,,,,,0.0,,,,,23.1,,22.9,23.6,,,,,,9.2,,,,11.9,,,,4.5,10.9,,30.7
2024-01-12,,,31.2,0.0,,,,,,29.0,17.699999999999996,,,,,0.0,26.8,0.0,0.5,,,,,,0.0,27.3,,23.9,28.1,22.4,,,20.3,26.2,,8.4,,,,,26.7,,,,42.5,0.0,,,,,,25.5,0.0,,,,22.1,,0.0,,,,,0.0,,,,,26.6,,30.4,45.3,,,,,,0.1,,,,10.2,,,,24.0,11.999999999999998,,29.2
2024-01-13,,,19.6,0.0,,,,,,58.0,27.200000000000003,,,,,,0.0,0.0,0.0,,,,,,0.0,31.9,,8.7,17.1,37.1,,,22.8,43.2,,0.0,,,,,28.9,,,,46.2,0.0,,,,,,25.8,0.0,,,,27.3,,0.0,,,,,0.0,,,,,0.0,,0.3,0.0,,,,,,0.0,,,,15.4,,,,29.1,12.500000000000002,,0.0
2024-01-14,,,7.2,0.5,,,,,,10.4,7.500000000000001,,,,,,14.9,0.0,0.0,,,,,,0.0,10.0,,9.3,9.4,3.0,,,9.9,4.6,,3.6,,,,,9.9,,,,25.9,0.0,,,,,,8.1,1.0,,,,4.700000000000001,,0.7,,,,,0.0,,,,,7.199999999999999,,49.400000000000006,20.1,,,,,,0.1,,,,7.0,,,,3.7,7.9,,10.3
2024-01-15,,,4.200000000000001,0.3,,,,,,4.6,4.000000000000001,,,,,,2.1,0.0,0.2,,,,,,0.0,15.7,,1.3,3.2,8.5,,,3.1,4.2,,0.5,,,,,11.9,,,,13.3,0.0,,,,,,2.6,0.1,,,,5.1000000000000005,,0.0,,,,,0.0,,,,,9.2,,2.2,8.0,,,,,,0.2,,,,0.4,,,,6.500000000000001,4.4,,3.6000000000000005
2024-01-16,,,0.0,0.0,,,,,,0.0,0.0,,,,,,0.0,0.0,0.0,,,,,,0.0,0.0,,0.0,0.0,0.0,,,0.0,0.0,,0.0,,,,,0.0,,,,0.0,0.0,,,,,,0.0,0.0,,,,0.0,,0.0,,,,,0.0,,,,,0.0,,0.0,0.0,,,,,,0.0,,,,0.0,,,,0.0,0.0,,0.0
2024-01-17,,,0.0,0.0,,,,,,0.0,0.0,,,,,,0.0,0.0,0.0,,,,,,0.0,0.0,,0.0,0.0,0.0,,,0.0,0.0,,0.0,,,,,0.0,,,,0.0,0.0,,,,,,0.0,0.0,,,,0.0,,0.0,,,,,0.0,,,,,0.0,,0.0,0.0,,,,,,0.0,,,,0.0,,,,0.0,0.0,,0.0
2024-01-18,,,0.0,0.0,,,,,,0.0,0.0,,,,,,0.0,0.0,0.0,,,,,,0.0,0.0,,0.0,0.0,0.0,,,0.0,0.0,,0.0,,,,,0.0,,,,0.0,0.0,,,,,,0.0,0.0,,,,0.0,,0.0,,,,,0.0,,,,,0.0,,0.0,0.0,,,,,,0.0,,,,0.0,,,,0.0,0.0,,0.0
2024-01-19,,,0.0,0.0,,,,,,0.0,0.0,,,,,,0.0,0.0,0.0,,,,,,0.0,0.0,,0.0,0.0,0.0,,,0.0,0.0,,0.0,,,,,0.0,,,,0.0,0.0,,,,,,0.0,0.0,,,,0.0,,0.0,,,,,0.0,,,,,0.0,,0.0,0.0,,,,,,0.0,,,,0.0,,,,0.0,0.0,,0.0
2024-01-20,,,0.0,0.0,,,,,,0.0,0.0,,,,,,0.0,0.0,0.0,,,,,,0.0,0.0,,0.0,0.0,0.0,,,0.0,0.0,,0.0,,,,,0.0,,,,0.0,0.0,,,,,,0.0,0.0,,,,0.0,,0.0,,,,,0.0,,,,,0.0,,0.0,0.0,,,,,,0.0,,,,0.0,,,,0.0,0.0,,0.0
2024-01-21,,,0.0,0.0,,,,,,0.0,0.0,,,,,,0.0,0.0,0.0,,,,,,,0.0,,0.0,0.0,0.0,,,0.0,0.0,,0.0,,,,,0.0,,,,0.0,0.0,,,,,,0.0,0.0,,,,0.0,,0.0,,,,,0.0,,,,,0.0,,0.0,0.0,,,,,,0.0,,,,0.0,,,,0.0,0.0,,0.0
2024-01-22,,,0.0,0.0,,,,,,0.0,0.0,,,,,,0.2,0.0,0.0,,,,,,,0.7999999999999999,,0.3,0.0,0.4,,,0.0,0.0,,0.0,,,,,3.2,,,,0.0,0.0,,,,,,0.0,0.0,,,,0.0,,0.0,,,,,0.0,,,,,1.1,,0.1,0.2,,,,,,0.0,,,,0.0,,,,0.0,0.0,,0.0
2024-01-23,,,16.200000000000003,1.2,,,,,,8.9,16.1,,,,,,9.1,0.0,0.1,,,,,,,25.7,,26.9,15.400000000000002,6.6000000000000005,,,10.5,14.000000000000002,,0.0,,,,,22.4,,,,22.8,0.0,,,,,,9.7,13.3,,,,7.7,,1.1,,,,,0.0,,,,,1.2000000000000002,,12.8,10.3,,,,,,10.1,,,,19.5,,,,9.5,14.3,,13.7
2024-01-24,,,3.8,0.0,,,,,,3.7,5.1000000000000005,,,,,,16.5,0.0,0.4,,,,,,,23.100000000000005,,26.4,19.4,9.3,,,11.6,7.4,,0.6000000000000001,,,,,15.4,,,,15.2,0.0,,,,,,2.7,5.5,,,,4.7,,0.1,,,,,0.0,,,,,20.3,,24.4,12.499999999999998,,,,,,2.6,,,,6.199999999999999,,,,3.8,12.599999999999998,,28.9
2024-01-25,,,3.5,0.0,,,,,,1.3,3.9,,,,,,4.8,0.0,0.0,,,,,,,14.8,,2.6000000000000005,7.8,21.7,,,8.700000000000001,2.4000000000000004,,0.0,,,,,19.700000000000003,,,,8.4,0.0,,,,,,2.5,0.0,,,,3.2,,0.0,,,,,0.0,,,,,1.0,,2.0,1.1,,,,,,0.0,,,,3.8,,,,1.2,18.1,,0.6
2024-01-26,,,29.6,4.1,,,,,,20.6,18.4,,,,,,57.1,0.0,8.5,,,,,,,36.5,,24.800000000000004,40.10000000000001,35.8,,,36.8,32.3,,8.600000000000001,,,,,20.1,,,,33.9,0.0,,,,,,36.5,9.3,,,,22.1,,8.0,,,,,0.4,,,,,37.7,,60.7,29.3,,,,,,11.0,,,,26.6,,,,24.700000000000003,31.7,,44.2
2024-01-27,,,6.6000000000000005,9.9,,,,,,7.399999999999999,8.6,,,,,,5.9,0.0,3.6,,,,,,,13.400000000000002,,8.9,8.3,7.6,,,13.1,9.3,,3.3000000000000003,,,,,2.0,,,,6.300000000000001,0.1,,,,,,6.7,25.200000000000003,,,,6.000000000000001,,4.5,,,,,0.0,,,,,1.6,,8.6,10.8,,,,,,21.2,,,,9.9,,,,8.4,8.799999999999999,,30.2
2024-01-28,,,3.2,0.2,,,,,,2.1,11.4,,,,,,15.2,0.0,0.0,,,,,,,25.1,,20.0,16.0,14.3,,,8.0,11.3,,3.6000000000000005,,,,,7.0,,,,15.3,0.0,,,,,,7.1000000000000005,0.1,,,,4.1,,0.1,,,,,0.0,,,,,15.7,,16.4,20.6,,,,,,2.6,,,,7.7,,,,2.5,17.1,,11.6
2024-01-29,,,8.200000000000001,0.7,,,,,,1.4,12.1,,,,,,15.2,0.0,1.5,,,,,,,15.9,,15.7,10.4,19.5,,,9.3,6.4,,3.4000000000000004,,,,,18.1,,,,25.9,0.0,,,,,,8.2,3.8,,,,5.0,,0.3,,,,,0.0,,,,,18.8,,10.6,19.6,,,,,,5.800000000000001,,,,15.3,,,,6.6000000000000005,25.0,,8.9
2024-01-30,,,58.6,0.0,,,,,,32.2,52.0,,,,,,35.4,0.0,0.0,,,,,,,57.8,,37.7,68.6,41.7,,,57.20000000000001,43.7,,3.1,,,,,70.8,,,,71.8,0.0,,,,,,41.7,0.0,,,,18.5,,0.0,,,,,0.0,,,,,37.3,,34.6,39.7,,,,,,0.1,,,,19.3,,,,22.9,67.19999999999999,,12.000000000000002
2024-01-31,,,5.1,0.0,,,,,,5.0,3.7,,,,,,16.2,0.0,0.0,,,,,,,20.1,,14.999999999999998,14.7,23.7,,,11.3,4.8,,0.1,,,,,14.0,,,,14.0,0.0,,,,,,3.0,0.0,,,,11.4,,0.0,,,,,0.0,,,,,5.0,,15.8,6.3,,,,,,0.0,,,,12.7,,,,10.0,9.9,,1.4
